URL,CCPA,gpc_json,usp_string_off,usp_off_version,usp_string_on,usp_on_version,Optanon_w/GPC=off,Optanon_w/GPC=on,packet_gpc_off,packets_gpc_on,percentage_change
wordpress.com,TRUE,json_err,1---,1,1YYN,1,,,1925,1230,-36.1038961
criteo.com,TRUE,NOT_FOUND,0,0,0,0,,,,,
gravatar.com,TRUE,json_err,0,0,0,0,,,,,
amazontrust.com,TRUE,NOT_FOUND,0,0,0,0,,,,,
casalemedia.com,TRUE,json_err,0,0,0,0,,,,,
pubmatic.com,TRUE,NOT_FOUND,0,0,0,0,,,,,
cnn.com,TRUE,NOT_FOUND,1---,1,1---,1,0,0,,,
taboola.com,TRUE,NOT_FOUND,0,0,0,0,,,,,
zemanta.com,TRUE,NOT_FOUND,0,0,0,0,0,1,216,797,268.9814815
openx.net,TRUE,json_err,0,0,0,0,,,,,
samsung.com,TRUE,NOT_FOUND,0,0,0,0,0,1,768,321,-58.203125
forbes.com,TRUE,NOT_FOUND,0,0,0,0,,,,,
go.com,TRUE,NOT_FOUND,1YNY,1,1YYY,1,0,1,257,417,62.25680934
criteo.net,TRUE,json_err,0,0,0,0,,,,,
wp.com,TRUE,NOT_FOUND,1---,1,1YYN,1,,,1271,1288,1.337529504
nginx.com,TRUE,NOT_FOUND,0,0,0,0,,,,,
sharethrough.com,TRUE,NOT_FOUND,1YNN,1,1YNN,1,,,,,
oracle.com,TRUE,NOT_FOUND,0,0,0,0,,,,,
wsj.com,TRUE,json_err,1---,1,1---,1,,,,,
dell.com,TRUE,NOT_FOUND,0,0,0,0,,,,,
weather.com,TRUE,TRUE,0,0,0,0,,,516,652,26.35658915
businessinsider.com,TRUE,NOT_FOUND,1YN-,1,1YY-,1,,,816,614,-24.75490196
cnbc.com,TRUE,NOT_FOUND,1YNN,1,1YYN,1,0,1,872,743,-14.79357798
usatoday.com,TRUE,NOT_FOUND,1---,1,1---,1,,,,,
time.com,TRUE,NOT_FOUND,0,0,0,0,0,1,1002,953,-4.890219561
adtelligent.com,TRUE,NOT_FOUND,0,0,0,0,0,1,746,880,17.96246649
surveymonkey.com,TRUE,NOT_FOUND,0,0,0,0,0,1,786,647,-17.68447837
wired.com,TRUE,NOT_FOUND,1---,1,1---,1,0,groups,,,
healthline.com,TRUE,NOT_FOUND,1YNY,1,1YNY,1,,,,,
speedtest.net,TRUE,NOT_FOUND,1YNY,1,1YNY,1,,,,,
cnet.com,TRUE,NOT_FOUND,0,0,0,0,0,1,695,788,13.38129496
nvidia.com,TRUE,NOT_FOUND,0,0,0,0,0,1,854,888,3.981264637
inmobi.com,TRUE,NOT_FOUND,0,0,0,0,,,,,
buzzfeed.com,TRUE,NOT_FOUND,1YNN,1,1YYN,1,0,1,788,752,-4.568527919
mysql.com,TRUE,NOT_FOUND,0,0,0,0,,,,,
braze.com,TRUE,NOT_FOUND,0,0,0,0,,,,,
cbsnews.com,TRUE,NOT_FOUND,1YNN,1,1YYN,1,0,1,708,644,-9.039548023
att.com,TRUE,NOT_FOUND,0,0,0,0,,,,,
watchguard.com,TRUE,NOT_FOUND,0,0,0,0,0,1,243,166,-31.6872428
entrust.net,TRUE,NOT_FOUND,1-N-,1,1-Y-,1,,,907,1287,41.89636163
myspace.com,TRUE,NOT_FOUND,0,0,0,0,,,,,
intel.com,TRUE,NOT_FOUND,0,0,0,0,0,1,755,1703,125.5629139
theverge.com,TRUE,json_err,1YNY,1,1YNY,1,,,,,
nike.com,TRUE,TRUE,0,0,0,0,,,589,718,21.90152801
nbcnews.com,TRUE,NOT_FOUND,1YNN,1,1YYN,1,0,1,594,863,45.28619529
box.com,TRUE,NOT_FOUND,0,0,0,0,,,,,
name.com,TRUE,NOT_FOUND,0,0,0,0,0,1,133,32,-75.93984962
fandom.com,TRUE,NOT_FOUND,1YNN,1,1YYN,1,,,1059,723,-31.72804533
yieldmo.com,TRUE,NOT_FOUND,0,0,0,0,0,1,899,772,-14.12680756
life360.com,TRUE,NOT_FOUND,0,0,0,0,0,1,803,898,11.83063512
tapad.com,TRUE,NOT_FOUND,0,0,0,0,,,,,
instructure.com,TRUE,json_err,0,0,0,0,0,1,664,687,3.463855422
nationalgeographic.com,TRUE,NOT_FOUND,1YNY,1,1YYY,1,0,1,782,747,-4.475703325
contextweb.com,TRUE,NOT_FOUND,0,0,0,0,,,,,
sagepub.com,TRUE,json_err,0,0,0,0,,,,,
viber.com,TRUE,json_err,0,0,0,0,,,,,
33across.com,TRUE,NOT_FOUND,0,0,0,0,,,,,
norton.com,TRUE,json_err,0,0,0,0,,,,,
redislabs.com,TRUE,NOT_FOUND,0,0,0,0,,,,,
fast.com,TRUE,json_err,0,0,0,0,,,,,
nest.com,TRUE,json_err,0,0,0,0,,,,,
dashlane.com,TRUE,NOT_FOUND,0,0,0,0,,,,,
intentiq.com,TRUE,NOT_FOUND,0,0,0,0,,,,,
appier.net,TRUE,json_err,0,0,0,0,,,,,
jotform.com,TRUE,NOT_FOUND,0,0,1---,1,,,,,
kargo.com,TRUE,NOT_FOUND,0,0,0,0,,,,,
nypost.com,TRUE,NOT_FOUND,1---,1,1---,1,0,0,,,
hulu.com,TRUE,NOT_FOUND,0,0,0,0,0,0,,,
akismet.com,TRUE,NOT_FOUND,0,0,0,0,,,,,
disneyplus.com,TRUE,NOT_FOUND,0,0,0,0,0,1,642,697,8.566978193
tp-link.com,TRUE,NOT_FOUND,0,0,0,0,,,,,
genius.com,TRUE,NOT_FOUND,0,0,0,0,,,,,
typeform.com,TRUE,json_err,0,0,0,0,0,1,241,234,-2.904564315
mathtag.com,TRUE,NOT_FOUND,0,0,0,0,,,,,
biblegateway.com,TRUE,NOT_FOUND,0,0,0,0,,,,,
eyeota.net,TRUE,json_err,0,0,0,0,,,,,
sharethis.com,TRUE,TRUE,1NNN,1,1NYN,1,,,803,747,-6.97384807
deloitte.com,TRUE,NOT_FOUND,0,0,0,0,,,,,
newyorker.com,TRUE,NOT_FOUND,1---,1,1---,1,0,groups,,,
urbanairship.com,TRUE,NOT_FOUND,0,0,0,0,,,,,
cloud.com,TRUE,NOT_FOUND,0,0,0,0,,,,,
gofundme.com,TRUE,json_err,0,0,0,0,,,,,
fortune.com,TRUE,NOT_FOUND,1---,1,1---,1,,,,,
mashable.com,TRUE,NOT_FOUND,1YNY,1,1YNY,1,,,,,
mparticle.com,TRUE,NOT_FOUND,0,0,0,0,0,1,817,652,-20.19583843
here.com,TRUE,NOT_FOUND,0,0,0,0,,,,,
ubi.com,TRUE,json_err,0,0,0,0,,,,,
sonobi.com,TRUE,NOT_FOUND,1NNN,1,1NNN,1,,,,,
zdnet.com,TRUE,NOT_FOUND,0,0,0,0,0,1,626,657,4.952076677
mapbox.com,TRUE,json_err,0,0,0,0,0,1,933,872,-6.538049303
espncricinfo.com,TRUE,NOT_FOUND,1YNY,1,1YYY,1,0,1,721,800,10.95700416
verizon.com,TRUE,NOT_FOUND,0,0,0,0,,,,,
wyzecam.com,TRUE,NOT_FOUND,0,0,0,0,,,,,
vox.com,TRUE,NOT_FOUND,0,0,0,0,,,,,
sun.com,TRUE,json_err,0,0,0,0,,,,,
americanexpress.com,TRUE,json_err,0,0,0,0,,,,,
ultradns.com,TRUE,json_err,1---,1,1---,1,,,,,
medicalnewstoday.com,TRUE,NOT_FOUND,1YNY,1,1YNY,1,,,,,
oraclecloud.com,TRUE,json_err,0,0,0,0,,,,,
mfadsrvr.com,TRUE,json_err,0,0,0,0,,,,,
fullstory.com,TRUE,NOT_FOUND,1-N-,1,1-Y-,1,,,742,732,-1.347708895
afternic.com,TRUE,json_err,0,0,0,0,,,,,
hbo.com,TRUE,NOT_FOUND,0,0,0,0,0,0,,,
treasuredata.com,TRUE,NOT_FOUND,0,0,0,0,0,1,930,502,-46.02150538
arstechnica.com,TRUE,NOT_FOUND,1---,1,1---,1,0,0,,,
webs.com,TRUE,NOT_FOUND,0,0,0,0,,,,,
zynga.com,TRUE,json_err,0,0,0,0,,,,,
starbucks.com,TRUE,NOT_FOUND,0,0,0,0,,,,,
squareup.com,TRUE,NOT_FOUND,0,0,0,0,0,1,583,708,21.44082333
figma.com,TRUE,NOT_FOUND,0,0,0,0,,,,,
rollingstone.com,TRUE,NOT_FOUND,1---,1,1---,1,0,1,905,666,-26.40883978
chicagotribune.com,TRUE,NOT_FOUND,1---,1,1---,1,,,,,
mastercard.com,TRUE,NOT_FOUND,0,0,0,0,,,,,
variety.com,TRUE,NOT_FOUND,1---,1,1---,1,0,1,806,685,-15.01240695
pcmag.com,TRUE,NOT_FOUND,1YNY,1,1YNY,1,,,,,
tenable.com,TRUE,NOT_FOUND,0,0,0,0,,,,,
rkdms.com,TRUE,NOT_FOUND,0,0,0,0,,,,,
wikia.com,TRUE,json_err,1YNN,1,1YYN,1,,,1001,718,-28.27172827
smadex.com,TRUE,NOT_FOUND,0,0,0,0,,,,,
today.com,TRUE,NOT_FOUND,1YNN,1,1YYN,1,0,1,382,816,113.6125654
insider.com,TRUE,NOT_FOUND,1YN-,1,1YY-,1,,,809,808,-0.123609394
king.com,TRUE,json_err,0,0,0,0,,,,,
kochava.com,TRUE,NOT_FOUND,1---,1,0,0,,,,,
ihg.com,TRUE,NOT_FOUND,0,0,0,0,,,,,
disney.com,TRUE,NOT_FOUND,1YNY,1,1YYY,1,0,1,676,1293,91.27218935
hollywoodreporter.com,TRUE,NOT_FOUND,1---,1,1---,1,0,1,838,841,0.357995227
sap.com,TRUE,NOT_FOUND,0,0,0,0,,,,,
accenture.com,TRUE,NOT_FOUND,0,0,0,0,0,1,327,878,168.5015291
venturebeat.com,TRUE,NOT_FOUND,1---,1,1---,1,,,,,
gallup.com,TRUE,NOT_FOUND,0,0,0,0,,,,,
lge.com,TRUE,NOT_FOUND,0,0,0,0,,,,,
nymag.com,TRUE,NOT_FOUND,1YNY,1,1YNY,1,,,,,
ey.com,TRUE,NOT_FOUND,0,0,0,0,,,,,
fidelity.com,TRUE,json_err,0,0,0,0,0,1,807,781,-3.22180917
woocommerce.com,TRUE,NOT_FOUND,0,0,0,0,,,,,
bitnami.com,TRUE,NOT_FOUND,0,0,0,0,0,1,495,623,25.85858586
kohls.com,TRUE,json_err,0,0,0,0,0,1,824,745,-9.587378641
nydailynews.com,TRUE,NOT_FOUND,1---,1,1---,1,,,,,
strava.com,TRUE,NOT_FOUND,0,0,0,0,,,,,
forticloud.com,TRUE,json_err,0,0,0,0,,,,,
livestream.com,TRUE,NOT_FOUND,0,0,0,0,,,,,
shutterfly.com,TRUE,NOT_FOUND,0,0,0,0,,,,,
vogue.com,TRUE,NOT_FOUND,1---,1,1---,1,0,groups,,,
evidon.com,TRUE,json_err,0,0,0,0,,,,,
sprinklr.com,TRUE,NOT_FOUND,1-N-,1,1-Y-,1,,,851,815,-4.230317274
digitaltrends.com,TRUE,NOT_FOUND,0,0,0,0,0,1,780,928,18.97435897
walgreens.com,TRUE,json_err,0,0,0,0,0,1,816,606,-25.73529412
databricks.com,TRUE,NOT_FOUND,0,0,0,0,0,1,835,646,-22.63473054
lg.com,TRUE,NOT_FOUND,0,0,0,0,,,,,
ubisoft.com,TRUE,json_err,0,0,0,0,,,,,
billboard.com,TRUE,NOT_FOUND,1---,1,1---,1,0,1,621,869,39.93558776
vanityfair.com,TRUE,json_err,1---,1,1---,1,0,groups,,,
cbslocal.com,TRUE,NOT_FOUND,1YNN,1,1YYN,1,,,791,731,-7.585335019
foodnetwork.com,TRUE,NOT_FOUND,1---,1,1---,1,0,0,,,
myfitnesspal.com,TRUE,NOT_FOUND,1YNN,1,1YNN,1,,,,,
medscape.com,TRUE,NOT_FOUND,0,0,0,0,,,,,
discovery.com,TRUE,NOT_FOUND,1---,1,1---,1,0,0,,,
fanduel.com,TRUE,NOT_FOUND,0,0,0,0,,,,,
cbssports.com,TRUE,NOT_FOUND,1YNN,1,1YYN,1,0,1,680,803,18.08823529
wufoo.com,TRUE,json_err,0,0,0,0,0,1,881,657,-25.42565267
bleacherreport.com,TRUE,NOT_FOUND,0,0,0,0,0,0,,,
clickagy.com,TRUE,TRUE,0,0,0,0,,,343,417,21.57434402
paramountplus.com,TRUE,NOT_FOUND,1YNN,1,1YYN,1,0,1,686,838,22.1574344
max.com,TRUE,NOT_FOUND,0,0,0,0,0,0,,,
bostonglobe.com,TRUE,NOT_FOUND,0,0,0,0,,,,,
smugmug.com,TRUE,NOT_FOUND,0,0,0,0,,,,,
cengage.com,TRUE,NOT_FOUND,0,0,0,0,,,,,
panasonic.com,TRUE,NOT_FOUND,1---,1,1---,1,,,,,
msnbc.com,TRUE,NOT_FOUND,1YNN,1,1YYN,1,0,1,846,812,-4.01891253
iterable.com,TRUE,NOT_FOUND,1---,1,1---,1,,,,,
lonelyplanet.com,TRUE,NOT_FOUND,0,0,0,0,0,1,747,878,17.53681392
mcdonalds.com,TRUE,NOT_FOUND,0,0,0,0,0,1,271,830,206.2730627
deadline.com,TRUE,NOT_FOUND,1---,1,1---,1,0,1,940,838,-10.85106383
airtable.com,TRUE,NOT_FOUND,0,0,0,0,0,1,900,137,-84.77777778
appboy.com,TRUE,NOT_FOUND,0,0,0,0,,,,,
grindr.com,TRUE,NOT_FOUND,0,0,0,0,0,1,801,703,-12.23470662
onaudience.com,TRUE,NOT_FOUND,0,0,0,0,,,,,
pcworld.com,TRUE,NOT_FOUND,1---,1,1---,1,,,,,
redbull.com,TRUE,NOT_FOUND,0,0,0,0,0,1,621,560,-9.822866345
myanimelist.net,TRUE,json_err,1YNY,1,1YNY,1,,,,,
mercurynews.com,TRUE,NOT_FOUND,1---,1,1---,1,,,,,
ulta.com,TRUE,NOT_FOUND,0,0,0,0,0,1,772,676,-12.43523316
gm.com,TRUE,NOT_FOUND,0,0,0,0,,,,,
securedvisit.com,TRUE,NOT_FOUND,0,0,0,0,,,,,
upstart.com,TRUE,NOT_FOUND,0,0,0,0,0,1,759,812,6.9828722
computerworld.com,TRUE,NOT_FOUND,1---,1,1---,1,,,,,
tunein.com,TRUE,NOT_FOUND,0,0,0,0,0,1,741,696,-6.072874494
cpmstar.com,TRUE,NOT_FOUND,0,0,0,0,,,,,
fortinet.com,TRUE,NOT_FOUND,0,0,0,0,,,,,
polygon.com,TRUE,NOT_FOUND,1YNY,1,1YNY,1,,,,,
kayak.com,TRUE,NOT_FOUND,0,0,0,0,,,,,
everydayhealth.com,TRUE,NOT_FOUND,1YNY,1,1YNY,1,,,,,
ew.com,TRUE,json_err,0,0,0,0,,,,,
gq.com,TRUE,NOT_FOUND,1---,1,1---,1,0,groups,,,
theknot.com,TRUE,NOT_FOUND,0,0,0,0,0,0,,,
kbb.com,TRUE,json_err,0,0,0,0,0,1,1073,793,-26.09506058
hudl.com,TRUE,json_err,0,0,0,0,0,1,883,688,-22.08380521
thepennyhoarder.com,TRUE,json_err,0,0,0,0,0,1,709,773,9.026798307
poshmark.com,TRUE,NOT_FOUND,0,0,0,0,,,,,
spglobal.com,TRUE,NOT_FOUND,0,0,0,0,0,1,615,757,23.08943089
hbomax.com,TRUE,json_err,0,0,0,0,,,,,
dominos.com,TRUE,json_err,0,0,0,0,,,,,
canvaslms.com,TRUE,json_err,0,0,0,0,,,,,
officedepot.com,TRUE,NOT_FOUND,0,0,0,0,,,,,
bankrate.com,TRUE,NOT_FOUND,0,0,0,0,0,1,826,792,-4.11622276
coindesk.com,TRUE,NOT_FOUND,1---,1,1---,1,,,,,
dallasnews.com,TRUE,NOT_FOUND,1---,1,1---,1,,,,,
barrons.com,TRUE,json_err,1---,1,1---,1,,,,,
datastax.com,TRUE,NOT_FOUND,0,0,0,0,,,,,
usabilla.com,TRUE,json_err,0,0,0,0,,,,,
aaa.com,TRUE,json_err,0,0,0,0,,,,,
dyn.com,TRUE,json_err,0,0,0,0,,,,,
techrepublic.com,TRUE,NOT_FOUND,0,0,0,0,,,,,
ziprecruiter.com,TRUE,TRUE,1YNN,1,1YYN,1,,,821,776,-5.481120585
netsuite.com,TRUE,NOT_FOUND,0,0,0,0,,,,,
petfinder.com,TRUE,NOT_FOUND,0,0,0,0,0,1,700,680,-2.857142857
popsugar.com,TRUE,NOT_FOUND,1YNY,1,1YNY,1,,,,,
denverpost.com,TRUE,NOT_FOUND,1---,1,1---,1,,,,,
eater.com,TRUE,NOT_FOUND,1YNY,1,0,0,,,,,
samsungads.com,TRUE,json_err,0,0,0,0,,,,,
domain.com,TRUE,json_err,0,0,0,0,0,1,668,775,16.01796407
box.net,TRUE,NOT_FOUND,0,0,0,0,,,,,
pagesix.com,TRUE,NOT_FOUND,1---,1,1---,1,0,0,,,
cargurus.com,TRUE,NOT_FOUND,1YNN,1,1YNN,1,0,1,1010,707,-30
hgtv.com,TRUE,NOT_FOUND,1---,1,1---,1,0,0,,,
refinery29.com,TRUE,NOT_FOUND,1YNN,1,1YYN,1,,,1265,654,-48.30039526
nj.com,TRUE,NOT_FOUND,4,4,1---,1,0,0,,,
morningstar.com,TRUE,TRUE,0,0,0,0,,,947,886,-6.441393875
cars.com,TRUE,NOT_FOUND,0,0,0,0,,,,,
kueezrtb.com,TRUE,NOT_FOUND,0,0,0,0,,,,,
zoom.com,TRUE,json_err,0,0,0,0,,,,,
azcentral.com,TRUE,NOT_FOUND,1---,1,1---,1,,,,,
pingdom.net,TRUE,json_err,0,0,0,0,,,,,
vanguard.com,TRUE,json_err,0,0,0,0,0,0,,,
mojohost.com,TRUE,NOT_FOUND,0,0,0,0,,,,,
penguinrandomhouse.com,TRUE,NOT_FOUND,0,0,0,0,,,,,
thecut.com,TRUE,NOT_FOUND,1YNY,1,1YNY,1,,,,,
deltadna.net,TRUE,json_err,0,0,0,0,0,1,343,247,-27.98833819
autotrader.com,TRUE,NOT_FOUND,0,0,0,0,0,1,904,652,-27.87610619
searchenginejournal.com,TRUE,NOT_FOUND,1---,1,1---,1,,,,,
benzinga.com,TRUE,NOT_FOUND,0,0,0,0,,,,,
bitrix24.com,TRUE,NOT_FOUND,0,0,0,0,,,,,
webtoons.com,TRUE,NOT_FOUND,0,0,0,0,,,,,
vulture.com,TRUE,NOT_FOUND,1YNY,1,1YNY,1,,,,,
zulily.com,TRUE,TRUE,0,0,0,0,,,905,831,-8.17679558
self.com,TRUE,json_err,1---,1,1---,1,0,groups,,,
osano.com,TRUE,NOT_FOUND,1-N-,1,1-Y-,1,,,610,1097,79.83606557
paycomonline.net,TRUE,NOT_FOUND,0,0,0,0,,,,,
harborfreight.com,TRUE,json_err,0,0,0,0,0,0,,,
bathandbodyworks.com,TRUE,json_err,0,0,0,0,,,,,
abc.com,TRUE,NOT_FOUND,1YNY,1,1YYY,1,0,1,695,1098,57.98561151
reflected.net,TRUE,NOT_FOUND,0,0,0,0,,,,,
freep.com,TRUE,NOT_FOUND,1---,1,1---,1,,,,,
slickdeals.net,TRUE,NOT_FOUND,1---,1,1YY-,1,,,600,626,4.333333333
baltimoresun.com,TRUE,NOT_FOUND,1---,1,1---,1,,,,,
formstack.com,TRUE,json_err,1NNN,1,1NNN,1,,,,,
fantasypros.com,TRUE,NOT_FOUND,0,0,0,0,0,0,,,
codecademy.com,TRUE,NOT_FOUND,0,0,0,0,,,,,
discover.com,TRUE,NOT_FOUND,0,0,0,0,,,,,
serverwatch.com,TRUE,NOT_FOUND,0,0,0,0,,,,,
oregonlive.com,TRUE,NOT_FOUND,1---,1,1---,1,0,0,,,
psychcentral.com,TRUE,NOT_FOUND,1YNY,1,1YNY,1,,,,,
newsbreak.com,TRUE,json_err,0,0,0,0,,,,,
medicinenet.com,TRUE,NOT_FOUND,0,0,0,0,,,,,
cbs.com,TRUE,NOT_FOUND,1YNN,1,1YYN,1,0,1,785,703,-10.44585987
aig.com,TRUE,json_err,0,0,0,0,,,,,
safeway.com,TRUE,NOT_FOUND,0,0,0,0,,,,,
bonappetit.com,TRUE,NOT_FOUND,1---,1,1---,1,0,groups,,,
carnival.com,TRUE,NOT_FOUND,0,0,0,0,,,,,
thrillist.com,TRUE,NOT_FOUND,1YNY,1,1YNY,1,0,1,1024,783,-23.53515625
glamour.com,TRUE,NOT_FOUND,1---,1,1---,1,0,groups,,,
usmagazine.com,TRUE,NOT_FOUND,1---,1,1---,1,,,,,
maxpreps.com,TRUE,NOT_FOUND,1YNN,1,1YYN,1,0,1,728,794,9.065934066
eufylife.com,TRUE,NOT_FOUND,0,0,0,0,,,,,
dailykos.com,TRUE,NOT_FOUND,1---,1,1---,1,,,,,
signupgenius.com,TRUE,NOT_FOUND,0,0,0,0,,,,,
usbank.com,TRUE,NOT_FOUND,0,0,0,0,,,,,
blendlabs.com,TRUE,NOT_FOUND,0,0,0,0,,,,,
iherb.com,TRUE,NOT_FOUND,0,0,0,0,,,,,
vizio.com,TRUE,NOT_FOUND,0,0,0,0,0,1,1951,2019,3.485392107
tdameritrade.com,TRUE,NOT_FOUND,0,0,0,0,,,,,
cntraveler.com,TRUE,NOT_FOUND,1---,1,1---,1,0,groups,,,
fivethirtyeight.com,TRUE,NOT_FOUND,1YNY,1,1YYY,1,,,642,751,16.97819315
mlive.com,TRUE,NOT_FOUND,4,4,1---,1,0,0,,,
basecamp.com,TRUE,NOT_FOUND,0,0,0,0,,,,,
jnj.com,TRUE,NOT_FOUND,0,0,0,0,0,1,836,780,-6.698564593
siftscience.com,TRUE,NOT_FOUND,0,0,0,0,,,,,
architecturaldigest.com,TRUE,json_err,1---,1,1---,1,0,groups,,,
sheknows.com,TRUE,NOT_FOUND,1---,1,1---,1,0,1,701,638,-8.987161198
cleveland.com,TRUE,NOT_FOUND,1---,1,4,4,0,0,,,
mail.com,TRUE,NOT_FOUND,0,0,0,0,,,,,
observer.com,TRUE,NOT_FOUND,1---,1,1---,1,,,,,
pitchfork.com,TRUE,NOT_FOUND,1---,1,1---,1,0,groups,,,
delicious.com,TRUE,NOT_FOUND,0,0,0,0,,,,,
sbnation.com,TRUE,NOT_FOUND,1YNY,1,1YNY,1,,,,,
skechers.com,TRUE,TRUE,0,0,0,0,,,872,918,5.275229358
wyndhamhotels.com,TRUE,NOT_FOUND,0,0,0,0,,,,,
juicyads.com,TRUE,NOT_FOUND,0,0,0,0,,,,,
usertesting.com,TRUE,NOT_FOUND,0,0,0,0,,,,,
babbel.com,TRUE,json_err,0,0,0,0,0,1,774,879,13.56589147
thriftbooks.com,TRUE,NOT_FOUND,1-N-,1,1-Y-,1,,,578,716,23.87543253
freewebs.com,TRUE,json_err,0,0,0,0,,,,,
complex.com,TRUE,NOT_FOUND,1YNN,1,1YYN,1,0,1,1116,776,-30.46594982
yellowpages.com,TRUE,NOT_FOUND,0,0,0,0,,,,,
wsj.net,TRUE,json_err,1---,1,1---,1,,,,,
subway.com,TRUE,json_err,0,0,0,0,0,1,779,746,-4.236200257
cafepress.com,TRUE,json_err,0,0,0,0,0,0,,,
sharefile.com,TRUE,NOT_FOUND,0,0,0,0,,,,,
statnews.com,TRUE,NOT_FOUND,0,0,0,0,,,,,
vistaprint.com,TRUE,NOT_FOUND,0,0,0,0,,,,,
homeadvisor.com,TRUE,NOT_FOUND,0,0,0,0,0,0,,,
webstaurantstore.com,TRUE,NOT_FOUND,0,0,0,0,,,,,
advangelists.com,TRUE,NOT_FOUND,0,0,0,0,,,,,
staples.com,TRUE,json_err,0,0,0,0,,,,,
termsfeed.com,TRUE,NOT_FOUND,0,0,0,0,,,,,
fashionnova.com,TRUE,NOT_FOUND,0,0,0,0,,,,,
betterhelp.com,TRUE,NOT_FOUND,0,0,0,0,,,,,
cam4.com,TRUE,json_err,0,0,0,0,,,,,
dealer.com,TRUE,NOT_FOUND,0,0,0,0,,,,,
weightwatchers.com,TRUE,NOT_FOUND,0,0,0,0,,,,,
hobbylobby.com,TRUE,NOT_FOUND,0,0,0,0,0,1,1050,467,-55.52380952
cio.com,TRUE,NOT_FOUND,1---,1,1---,1,,,,,
brainyquote.com,TRUE,json_err,1YNN,1,1YNN,1,,,,,
puma.com,TRUE,json_err,0,0,0,0,,,,,
sproutsocial.com,TRUE,NOT_FOUND,0,0,0,0,,,,,
bartleby.com,TRUE,NOT_FOUND,0,0,0,0,0,1,189,872,361.3756614
gocomics.com,TRUE,NOT_FOUND,1---,1,1---,1,,,,,
cricketwireless.com,TRUE,NOT_FOUND,0,0,0,0,,,,,
newsday.com,TRUE,NOT_FOUND,1---,1,1---,1,0,0,,,
humblebundle.com,TRUE,NOT_FOUND,1YNY,1,1YNY,1,,,,,
macworld.com,TRUE,NOT_FOUND,1---,1,1---,1,,,,,
al.com,TRUE,NOT_FOUND,4,4,1---,1,0,0,,,
cbsi.com,TRUE,json_err,1YNN,1,1YYN,1,,,854,690,-19.20374707
marvel.com,TRUE,NOT_FOUND,1YNY,1,1YYY,1,0,1,796,645,-18.96984925
lululemon.com,TRUE,json_err,0,0,0,0,0,1,723,733,1.383125864
epicurious.com,TRUE,NOT_FOUND,1---,1,1---,1,0,groups,,,
invisalign.com,TRUE,json_err,0,0,0,0,,,,,
indiewire.com,TRUE,NOT_FOUND,1---,1,1---,1,0,1,1092,801,-26.64835165
playwire.com,TRUE,NOT_FOUND,0,0,0,0,,,,,
chick-fil-a.com,TRUE,NOT_FOUND,0,0,0,0,0,1,714,711,-0.420168067
active.com,TRUE,json_err,1---,1,1---,1,0,1,825,679,-17.6969697
dropcam.com,TRUE,json_err,0,0,0,0,,,,,
sysco.com,TRUE,NOT_FOUND,0,0,0,0,,,,,
ocregister.com,TRUE,NOT_FOUND,1---,1,1---,1,,,,,
august.com,TRUE,NOT_FOUND,0,0,0,0,,,,,
detroitnews.com,TRUE,NOT_FOUND,1---,1,1---,1,,,,,
jsonline.com,TRUE,NOT_FOUND,1---,1,1---,1,,,,,
chipotle.com,TRUE,NOT_FOUND,0,0,0,0,,,,,
td.com,TRUE,NOT_FOUND,0,0,0,0,,,,,
infoworld.com,TRUE,NOT_FOUND,1---,1,1---,1,,,,,
bmo.com,TRUE,TRUE,0,0,0,0,0,1,1161,494,-57.45047373
arubainstanton.com,TRUE,NOT_FOUND,0,0,0,0,,,,,
helpscout.net,TRUE,NOT_FOUND,0,0,0,0,,,,,
orlandosentinel.com,TRUE,NOT_FOUND,1---,1,1---,1,,,,,
athenahealth.com,TRUE,NOT_FOUND,0,0,0,0,0,1,308,146,-52.5974026
sun-sentinel.com,TRUE,NOT_FOUND,1---,1,1---,1,,,,,
viki.com,TRUE,NOT_FOUND,1---,1,1---,1,,,,,
sleepnumber.com,TRUE,NOT_FOUND,0,0,0,0,0,1,841,870,3.448275862
allure.com,TRUE,json_err,1---,1,1---,1,0,groups,,,
ksl.com,TRUE,json_err,0,0,0,0,,,,,
appfolio.com,TRUE,json_err,0,0,0,0,0,__privaci_cookie_consent_uuid,,,
teenvogue.com,TRUE,json_err,1---,1,1---,1,0,groups,,,
mattel.com,TRUE,NOT_FOUND,0,0,0,0,,,,,
dotloop.com,TRUE,json_err,0,0,0,0,0,1,285,1249,338.245614
housecallpro.com,TRUE,NOT_FOUND,1---,1,1---,1,,,,,
symbolab.com,TRUE,NOT_FOUND,0,0,0,0,0,1,467,401,-14.13276231
horoscope.com,TRUE,json_err,1---,1,1YYN,1,,,984,742,-24.59349593
businessnewsdaily.com,TRUE,NOT_FOUND,0,0,0,0,,,,,
gadgetsnow.com,TRUE,NOT_FOUND,0,0,0,0,,,,,
curbed.com,TRUE,json_err,1YNY,1,1YNY,1,,,,,
vudu.com,TRUE,NOT_FOUND,1YNN,1,1YYN,1,0,1,684,716,4.678362573
stltoday.com,TRUE,NOT_FOUND,1YN-,1,1YY-,1,,,1012,854,-15.61264822
kobo.com,TRUE,TRUE,0,0,0,0,,,159,127,-20.12578616
elavon.com,TRUE,NOT_FOUND,0,0,0,0,,,,,
trip.com,TRUE,json_err,0,0,0,0,,,,,
earnest.com,TRUE,TRUE,0,0,0,0,,,1056,606,-42.61363636
edmentum.com,TRUE,json_err,1-N-,1,1-Y-,1,,,892,738,-17.26457399
dlink.com,TRUE,json_err,0,0,0,0,,,,,
pingdom.com,TRUE,NOT_FOUND,0,0,0,0,0,1,733,744,1.500682128
sailthru.com,TRUE,NOT_FOUND,0,0,0,0,,,,,
ncr.com,TRUE,NOT_FOUND,0,0,0,0,0,1,7,608,8585.714286
milb.com,TRUE,NOT_FOUND,1---,1,1---,1,,,,,
clearbit.com,TRUE,NOT_FOUND,0,0,0,0,,,,,
yourdictionary.com,TRUE,NOT_FOUND,0,0,0,0,0,0,,,
starplus.com,TRUE,NOT_FOUND,0,0,0,0,,,,,
patagonia.com,TRUE,TRUE,0,0,0,0,0,0,1072,22,-97.94776119
bleacherbreaker.com,TRUE,NOT_FOUND,1---,1,1---,1,,,,,
haproxy.com,TRUE,NOT_FOUND,0,0,0,0,,,,,
waplog.com,TRUE,json_err,0,0,0,0,,,,,
intensedebate.com,TRUE,NOT_FOUND,0,0,0,0,,,,,
purestorage.com,TRUE,NOT_FOUND,0,0,0,0,0,1,787,794,0.889453621
starwars.com,TRUE,NOT_FOUND,1YNY,1,1YYY,1,0,1,855,809,-5.380116959
servers.com,TRUE,NOT_FOUND,0,0,0,0,,,,,
blogtalkradio.com,TRUE,NOT_FOUND,0,0,0,0,0,1,253,389,53.75494071
gale.com,TRUE,NOT_FOUND,0,0,0,0,isIABGlobal=false,isIABGlobal=false,,,
onepeloton.com,TRUE,json_err,0,0,0,0,0,1,618,664,7.443365696
wwd.com,TRUE,NOT_FOUND,1---,1,1---,1,0,1,697,551,-20.94691535
wizards.com,TRUE,json_err,0,0,0,0,,,,,
care.com,TRUE,NOT_FOUND,0,0,0,0,,,,,
mocospace.com,TRUE,json_err,4,4,4,4,,,,,
loggly.com,TRUE,NOT_FOUND,0,0,0,0,0,1,1051,833,-20.74215033
netfirms.com,TRUE,json_err,0,0,0,0,0,1,903,848,-6.090808416
geforce.com,TRUE,json_err,0,0,0,0,,,,,
noredink.com,TRUE,NOT_FOUND,0,0,0,0,,,,,
yougov.com,TRUE,json_err,0,0,0,0,0,0,,,
hellofresh.com,TRUE,NOT_FOUND,0,0,0,0,,,,,
wyze.com,TRUE,NOT_FOUND,0,0,0,0,,,,,
myherbalife.com,TRUE,NOT_FOUND,0,0,0,0,0,1,63,212,236.5079365
theringer.com,TRUE,NOT_FOUND,1YNY,1,1YNY,1,,,,,
townhall.com,TRUE,NOT_FOUND,0,0,0,0,,,,,
oprah.com,TRUE,NOT_FOUND,1YNN,1,1YNN,1,0,0,,,
trimble.com,TRUE,NOT_FOUND,0,0,0,0,0,1,597,773,29.48073702
networkworld.com,TRUE,NOT_FOUND,1---,1,1---,1,,,,,
gamingbible.com,TRUE,NOT_FOUND,1---,1,1---,1,,,,,
telerik.com,TRUE,NOT_FOUND,0,0,0,0,0,1,938,818,-12.79317697
deseret.com,TRUE,NOT_FOUND,1---,1,1---,1,0,1,752,1007,33.90957447
iqm.com,TRUE,json_err,0,0,0,0,0,1,413,520,25.90799031
underarmour.com,TRUE,json_err,0,0,0,0,,,,,
weddingwire.com,TRUE,NOT_FOUND,0,0,0,0,0,0,,,
ruckuswireless.com,TRUE,json_err,0,0,0,0,,,,,
sift.com,TRUE,NOT_FOUND,0,0,0,0,0,0,,,
healthgrades.com,TRUE,NOT_FOUND,0,0,0,0,0,1,914,791,-13.45733042
squarecdn.com,TRUE,json_err,0,0,0,0,,,,,
bostonherald.com,TRUE,NOT_FOUND,1---,1,1---,1,,,,,
ncaa.com,TRUE,NOT_FOUND,0,0,0,0,0,0,,,
bgr.com,TRUE,NOT_FOUND,1---,1,1---,1,0,1,816,787,-3.553921569
texasmonthly.com,TRUE,NOT_FOUND,0,0,0,0,,,,,
cookiepro.com,TRUE,NOT_FOUND,0,0,0,0,0,1,346,326,-5.780346821
nutanix.com,TRUE,NOT_FOUND,0,0,0,0,0,1,717,752,4.881450488
tennessean.com,TRUE,NOT_FOUND,1---,1,1---,1,,,,,
indystar.com,TRUE,NOT_FOUND,1---,1,1---,1,,,,,
lendingtree.com,TRUE,NOT_FOUND,0,0,0,0,,,,,
hear.com,TRUE,NOT_FOUND,0,0,0,0,,,,,
dianomi.com,TRUE,NOT_FOUND,1---,1,1---,1,,,,,
theblaze.com,TRUE,NOT_FOUND,0,0,0,0,0,0,,,
whattoexpect.com,TRUE,NOT_FOUND,1YNY,1,1YNY,1,,,,,
dispatch.com,TRUE,NOT_FOUND,1---,1,1---,1,,,,,
biblestudytools.com,TRUE,NOT_FOUND,0,0,0,0,,,,,
comicbook.com,TRUE,NOT_FOUND,1YNN,1,1YYN,1,0,1,821,773,-5.846528624
recode.net,TRUE,NOT_FOUND,1YNY,1,1YNY,1,,,,,
teamsnap.com,TRUE,NOT_FOUND,1---,1,1---,1,,,,,
tivo.com,TRUE,NOT_FOUND,0,0,0,0,0,1,614,1060,72.63843648
mgo.com,TRUE,json_err,1YNN,1,1YYN,1,,,562,782,39.14590747
pgatour.com,TRUE,NOT_FOUND,0,0,0,0,0,1,871,646,-25.83237658
tenablesecurity.com,TRUE,NOT_FOUND,0,0,0,0,,,,,
procore.com,TRUE,NOT_FOUND,0,0,0,0,0,1,818,764,-6.601466993
livenation.com,TRUE,NOT_FOUND,0,0,0,0,0,1,1163,1206,3.69733448
etonline.com,TRUE,NOT_FOUND,1YNN,1,1YYN,1,0,,756,680,-10.05291005
guitarcenter.com,TRUE,NOT_FOUND,0,0,0,0,,,,,
oneplus.com,TRUE,NOT_FOUND,0,0,0,0,,,,,
ritzcarlton.com,TRUE,NOT_FOUND,0,0,0,0,0,1,871,550,-36.85419059
ariba.com,TRUE,json_err,0,0,0,0,,,,,
ferrari.com,TRUE,json_err,0,0,0,0,0,1,1145,1228,7.248908297
nolo.com,TRUE,json_err,0,0,0,0,0,0,,,
abc7.com,TRUE,json_err,0,0,1YYY,1,0,1,604,686,13.57615894
evite.com,TRUE,NOT_FOUND,0,0,0,0,,,,,
inside-graph.com,TRUE,NOT_FOUND,0,0,0,0,,,,,
desmoinesregister.com,TRUE,NOT_FOUND,1---,1,1---,1,,,,,
jcrew.com,TRUE,NOT_FOUND,0,0,0,0,,,,,
vans.com,TRUE,NOT_FOUND,0,0,0,0,0,0,,,
computerweekly.com,TRUE,NOT_FOUND,1---,1,1---,1,,,,,
cincinnati.com,TRUE,NOT_FOUND,0,0,1---,1,,,,,
dummies.com,TRUE,json_err,0,0,0,0,,,,,
adpushup.com,TRUE,NOT_FOUND,0,0,0,0,,,,,
levi.com,TRUE,json_err,0,0,0,0,0,1,802,744,-7.2319202
abcnews.com,TRUE,json_err,1YNY,1,1YYY,1,,,882,704,-20.1814059
syracuse.com,TRUE,NOT_FOUND,4,4,1---,1,0,0,,,
zimbra.com,TRUE,NOT_FOUND,0,0,0,0,,,,,
ktla.com,TRUE,NOT_FOUND,1YNN,1,1YYN,1,0,1,31,893,2780.645161
loseit.com,TRUE,NOT_FOUND,0,0,0,0,,,,,
fareharbor.com,TRUE,NOT_FOUND,0,0,0,0,0,1,432,144,-66.66666667
mgmresorts.com,TRUE,NOT_FOUND,0,0,0,0,0,1,810,811,0.12345679
wendys.com,TRUE,NOT_FOUND,0,0,0,0,0,0,,,
solarwinds.com,TRUE,NOT_FOUND,0,0,0,0,0,1,1007,952,-5.461767627
tvguide.com,TRUE,NOT_FOUND,1YNY,1,1YYY,1,0,1,797,806,1.12923463
lpl.com,TRUE,NOT_FOUND,0,0,0,0,,,,,
northwesternmutual.com,TRUE,NOT_FOUND,0,0,0,0,,,,,
infoplease.com,TRUE,NOT_FOUND,0,0,0,0,,,,,
interestingengineering.com,TRUE,NOT_FOUND,1---,1,1---,1,,,,,
buffalonews.com,TRUE,NOT_FOUND,1YN-,1,1YY-,1,,,664,909,36.89759036
ravenjs.com,TRUE,NOT_FOUND,0,0,0,0,,,,,
wtop.com,TRUE,NOT_FOUND,0,0,0,0,0,1,864,873,1.041666667
courant.com,TRUE,NOT_FOUND,1---,1,1---,1,,,,,
mydomain.com,TRUE,json_err,0,0,0,0,0,1,804,743,-7.587064677
statesman.com,TRUE,NOT_FOUND,1---,1,1---,1,,,,,
csoonline.com,TRUE,NOT_FOUND,1---,1,1---,1,,,,,
pennlive.com,TRUE,NOT_FOUND,4,4,4,4,0,0,,,
wikia-services.com,TRUE,NOT_FOUND,1YNN,1,1YYN,1,,,691,801,15.91895803
htcsense.com,TRUE,NOT_FOUND,0,0,0,0,,,,,
easeus.com,TRUE,NOT_FOUND,0,0,0,0,,,,,
ralphlauren.com,TRUE,json_err,0,0,0,0,0,1,594,758,27.60942761
chime.com,TRUE,NOT_FOUND,0,0,0,0,0,1,749,681,-9.078771696
accorhotels.com,TRUE,NOT_FOUND,0,0,0,0,,,,,
cinemark.com,TRUE,NOT_FOUND,0,0,0,0,,,,,
northjersey.com,TRUE,NOT_FOUND,1---,1,1---,1,,,,,
masslive.com,TRUE,NOT_FOUND,1---,1,1---,1,0,0,,,
secureanalytic.com,TRUE,NOT_FOUND,0,0,0,0,,,,,
westerndigital.com,TRUE,NOT_FOUND,0,0,0,0,,,,,
dunkindonuts.com,TRUE,NOT_FOUND,0,0,0,0,,,,,
yourtango.com,TRUE,NOT_FOUND,1YNY,1,1YYY,1,,,747,731,-2.141900937
shopdisney.com,TRUE,NOT_FOUND,0,0,0,0,0,1,1097,1364,24.33910665
goodmorningamerica.com,TRUE,NOT_FOUND,1YNY,1,1YYY,1,0,1,613,778,26.91680261
orientaltrading.com,TRUE,NOT_FOUND,1-N-,1,1-Y-,1,,,535,721,34.76635514
f5.com,TRUE,NOT_FOUND,0,0,0,0,,,,,
bizrate.com,TRUE,NOT_FOUND,0,0,0,0,,,,,
coxautoinc.com,TRUE,NOT_FOUND,0,0,0,0,0,1,758,785,3.562005277
decider.com,TRUE,NOT_FOUND,1---,1,1---,1,0,0,,,
uhaul.com,TRUE,NOT_FOUND,0,0,0,0,,,,,
paramount.com,TRUE,NOT_FOUND,1YNN,1,1YYN,1,0,1,884,675,-23.64253394
hlserve.com,TRUE,NOT_FOUND,0,0,0,0,,,,,
food.com,TRUE,json_err,1---,1,1---,1,0,0,,,
krebsonsecurity.com,TRUE,NOT_FOUND,0,0,0,0,,,,,
aon.com,TRUE,NOT_FOUND,0,0,0,0,0,1,679,628,-7.511045655
9news.com,TRUE,NOT_FOUND,1YNY,1,1YNY,1,,,,,
abc7chicago.com,TRUE,json_err,1YNY,1,0,0,0,1,762,780,2.362204724
dollargeneral.com,TRUE,NOT_FOUND,0,0,0,0,,,,,
medpagetoday.com,TRUE,NOT_FOUND,1YNY,1,1YNY,1,,,,,
madison.com,TRUE,NOT_FOUND,1YN-,1,1YY-,1,,,989,733,-25.88473205
publishersweekly.com,TRUE,json_err,1---,1,1---,1,,,,,
juniper.net,TRUE,NOT_FOUND,0,0,0,0,,,,,
fairmont.com,TRUE,NOT_FOUND,0,0,0,0,0,1,667,828,24.13793103
uline.com,TRUE,NOT_FOUND,0,0,0,0,,,,,
blossomthemes.com,TRUE,NOT_FOUND,0,0,0,0,,,,,
oprahdaily.com,TRUE,NOT_FOUND,1YNN,1,1YYN,1,0,1,818,786,-3.91198044
vitalsource.com,TRUE,json_err,0,0,0,0,,,,,
instructuremedia.com,TRUE,json_err,0,0,0,0,,,,,
kajabi.com,TRUE,NOT_FOUND,0,0,0,0,,,,,
hotelscombined.com,TRUE,NOT_FOUND,0,0,0,0,,,,,
flexjobs.com,TRUE,NOT_FOUND,0,0,0,0,,,,,
business.com,TRUE,NOT_FOUND,0,0,0,0,,,,,
textnow.com,TRUE,NOT_FOUND,0,0,0,0,,,,,
jetpack.com,TRUE,NOT_FOUND,0,0,0,0,,,,,
cloudlinux.com,TRUE,NOT_FOUND,1---,1,1---,1,,,,,
palmbeachpost.com,TRUE,NOT_FOUND,1---,1,1---,1,,,,,
abc7ny.com,TRUE,json_err,0,0,0,0,0,1,741,768,3.643724696
xtime.com,TRUE,NOT_FOUND,0,0,0,0,,,,,
dignitymemorial.com,TRUE,NOT_FOUND,0,0,0,0,0,1,1026,755,-26.41325536
robertsspaceindustries.com,TRUE,NOT_FOUND,1---,1,1---,1,,,,,
metrobyt-mobile.com,TRUE,json_err,0,0,0,0,,,,,
podium.com,TRUE,NOT_FOUND,0,0,0,0,,,,,
compass.com,TRUE,NOT_FOUND,0,0,0,0,,,,,
belka-games.com,TRUE,json_err,0,0,0,0,,,,,
download.com,TRUE,NOT_FOUND,0,0,0,0,,,,,
successfactors.com,TRUE,NOT_FOUND,0,0,0,0,,,,,
inhabitat.com,TRUE,NOT_FOUND,1YNY,1,1YNY,1,0,0,,,
imunify.com,TRUE,json_err,1---,1,1---,1,,,,,
abc7news.com,TRUE,json_err,0,0,0,0,0,1,749,750,0.133511348
wdc.com,TRUE,NOT_FOUND,0,0,0,0,,,,,
goodnotes.com,TRUE,NOT_FOUND,0,0,0,0,,,,,
bluejeans.com,TRUE,json_err,0,0,0,0,,,,,
food52.com,TRUE,NOT_FOUND,0,0,0,0,,,,,
askmen.com,TRUE,NOT_FOUND,1YNY,1,1YNY,1,,,,,
greatist.com,TRUE,NOT_FOUND,1YNY,1,1YNY,1,,,,,
hachettebookgroup.com,TRUE,NOT_FOUND,0,0,0,0,,,,,
golfdigest.com,TRUE,NOT_FOUND,1---,1,1---,1,0,0,,,
indexexchange.com,TRUE,NOT_FOUND,0,0,0,0,,,,,
sparknotes.com,TRUE,NOT_FOUND,1YNN,1,1YYN,1,0,1,1095,791,-27.76255708
delltechnologies.com,TRUE,NOT_FOUND,0,0,0,0,,,,,
ladbible.com,TRUE,NOT_FOUND,1---,1,1---,1,,,,,
casetext.com,TRUE,NOT_FOUND,0,0,0,0,0,1,626,853,36.26198083
ihsmarkit.com,TRUE,NOT_FOUND,0,0,0,0,,,,,
productmadness.com,TRUE,NOT_FOUND,0,0,0,0,,,,,
lynda.com,TRUE,NOT_FOUND,0,0,0,0,,,,,
patheos.com,TRUE,NOT_FOUND,0,0,0,0,0,0,,,
excite.com,TRUE,NOT_FOUND,1---,1,1---,1,,,,,
money.com,TRUE,NOT_FOUND,0,0,0,0,,,,,
sonymobile.com,TRUE,json_err,0,0,0,0,,,,,
thisoldhouse.com,TRUE,NOT_FOUND,0,0,0,0,0,0,,,
weheartit.com,TRUE,NOT_FOUND,0,0,0,0,,,,,
imunify360.com,TRUE,NOT_FOUND,1---,1,1---,1,,,,,
abc13.com,TRUE,json_err,0,0,0,0,0,1,735,744,1.224489796
stylecaster.com,TRUE,NOT_FOUND,1---,1,1---,1,0,1,573,773,34.90401396
bruteprotect.com,TRUE,json_err,0,0,0,0,,,,,
courier-journal.com,TRUE,NOT_FOUND,1---,1,1---,1,,,,,
htc.com,TRUE,NOT_FOUND,0,0,0,0,,,,,
wfaa.com,TRUE,NOT_FOUND,1YNY,1,1YNY,1,,,,,
pge.com,TRUE,NOT_FOUND,0,0,0,0,0,1,713,775,8.695652174
travelchannel.com,TRUE,NOT_FOUND,1---,1,1---,1,0,0,,,
omaha.com,TRUE,NOT_FOUND,1YN-,1,1YY-,1,,,848,665,-21.58018868
ministrybrands.com,TRUE,NOT_FOUND,0,0,0,0,,,,,
kingston.com,TRUE,NOT_FOUND,1-N-,1,1-N-,1,,,,,
hollywoodlife.com,TRUE,NOT_FOUND,1---,1,1---,1,,,,,
feedblitz.com,TRUE,NOT_FOUND,0,0,0,0,,,,,
twincities.com,TRUE,NOT_FOUND,1---,1,1---,1,,,,,
rxlist.com,TRUE,NOT_FOUND,0,0,0,0,,,,,
pampers.com,TRUE,NOT_FOUND,0,0,0,0,0,1,317,504,58.99053628
riteaid.com,TRUE,NOT_FOUND,0,0,0,0,0,1,550,518,-5.818181818
purechat.com,TRUE,NOT_FOUND,0,0,0,0,,,,,
zennioptical.com,TRUE,NOT_FOUND,0,0,0,0,0,0,,,
gmx.com,TRUE,NOT_FOUND,0,0,0,0,0,0,,,
comenity.net,TRUE,NOT_FOUND,0,0,0,0,,,,,
coca-colacompany.com,TRUE,NOT_FOUND,0,0,0,0,0,1,691,930,34.58755427
redlobster.com,TRUE,NOT_FOUND,0,0,0,0,0,0,,,
tuya.com,TRUE,NOT_FOUND,0,0,0,0,,,,,
mckesson.com,TRUE,NOT_FOUND,0,0,0,0,0,0,,,
king5.com,TRUE,NOT_FOUND,1YNY,1,1YNY,1,0,0,,,
twdcns.com,TRUE,json_err,1YNY,1,1YYY,1,,,512,726,41.796875
starz.com,TRUE,json_err,0,0,0,0,,,,,
click2houston.com,TRUE,NOT_FOUND,1YNY,1,1YYY,1,,,693,1049,51.37085137
randomhouse.com,TRUE,NOT_FOUND,0,0,0,0,,,,,
hbogola.com,TRUE,json_err,0,0,0,0,,,,,
bill.com,TRUE,NOT_FOUND,0,0,0,0,0,1,802,809,0.872817955
canyon.com,TRUE,NOT_FOUND,0,0,0,0,,,,,
dailynews.com,TRUE,NOT_FOUND,1---,1,1---,1,,,,,
khou.com,TRUE,NOT_FOUND,1YNY,1,1YNY,1,,,,,
theice.com,TRUE,NOT_FOUND,0,0,0,0,,,,,
eweek.com,TRUE,json_err,0,0,0,0,,,,,
richmond.com,TRUE,NOT_FOUND,1YN-,1,1YY-,1,,,727,801,10.17881706
kxan.com,TRUE,NOT_FOUND,1YNN,1,1YYN,1,,,653,581,-11.02603369
polldaddy.com,TRUE,NOT_FOUND,1---,1,1YYN,1,,,1780,1417,-20.39325843
userzoom.com,TRUE,NOT_FOUND,0,0,0,0,,,,,
robbreport.com,TRUE,NOT_FOUND,1---,1,1---,1,0,1,621,728,17.23027375
purevolume.com,TRUE,NOT_FOUND,1---,1,1---,1,,,,,
clickondetroit.com,TRUE,NOT_FOUND,1YNY,1,1YYY,1,,,984,947,-3.760162602
affinity.net,TRUE,NOT_FOUND,0,0,0,0,,,,,
nyse.com,TRUE,NOT_FOUND,0,0,0,0,,,,,
tvline.com,TRUE,NOT_FOUND,1---,1,1---,1,0,1,784,615,-21.55612245
upworthy.com,TRUE,NOT_FOUND,0,0,0,0,0,1,697,703,0.860832138
6abc.com,TRUE,json_err,0,0,0,0,0,1,643,765,18.97356143
frontier.com,TRUE,NOT_FOUND,0,0,0,0,0,1,689,1016,47.46008708
myunidays.com,TRUE,NOT_FOUND,0,0,0,0,,,,,
ecowatch.com,TRUE,NOT_FOUND,1---,1,1---,1,,,,,
teepublic.com,TRUE,json_err,0,0,0,0,,,,,
ice.com,TRUE,NOT_FOUND,0,0,0,0,0,1,701,692,-1.283880171
tapresearch.com,TRUE,NOT_FOUND,0,0,0,0,,,,,
vinsolutions.com,TRUE,NOT_FOUND,0,0,0,0,,,,,
dotster.com,TRUE,json_err,0,0,0,0,0,1,690,764,10.72463768
wgntv.com,TRUE,NOT_FOUND,1YNN,1,1YYN,1,0,1,731,719,-1.641586867
tripit.com,TRUE,NOT_FOUND,0,0,0,0,,,,,
clickorlando.com,TRUE,NOT_FOUND,1YNY,1,1YYY,1,,,717,902,25.80195258
superpages.com,TRUE,NOT_FOUND,0,0,0,0,,,,,
cdw.com,TRUE,json_err,0,0,0,0,0,1,761,672,-11.69513798
percona.com,TRUE,json_err,0,0,0,0,,,,,
ua.com,TRUE,json_err,0,0,0,0,,,,,
radaris.com,TRUE,NOT_FOUND,0,0,0,0,,,,,
vw.com,TRUE,NOT_FOUND,0,0,0,0,,,,,
morningconsult.com,TRUE,NOT_FOUND,0,0,0,0,0,1,756,760,0.529100529
burberry.com,TRUE,json_err,0,0,0,0,,,,,
telegram.com,TRUE,NOT_FOUND,1---,1,1---,1,,,,,
princetonreview.com,TRUE,NOT_FOUND,0,0,0,0,,,,,
colgate.com,TRUE,NOT_FOUND,0,0,0,0,,,,,
tucson.com,TRUE,NOT_FOUND,1YN-,1,1YY-,1,,,722,369,-48.89196676
local10.com,TRUE,NOT_FOUND,1YNY,1,1YYY,1,,,716,934,30.44692737
marketbeat.com,TRUE,NOT_FOUND,0,0,0,0,,,,,
express.com,TRUE,NOT_FOUND,0,0,0,0,0,0,,,
vertamedia.com,TRUE,json_err,0,0,0,0,,,,,
1stdibs.com,TRUE,NOT_FOUND,0,0,0,0,,,,,
news4jax.com,TRUE,NOT_FOUND,1YNY,1,1YYY,1,,,809,848,4.820766378
tulsaworld.com,TRUE,NOT_FOUND,1YN-,1,1YY-,1,,,608,1072,76.31578947
buffalowildwings.com,TRUE,NOT_FOUND,0,0,0,0,,,,,
investorplace.com,TRUE,NOT_FOUND,1-N-,1,1-Y-,1,,,720,806,11.94444444
coachoutlet.com,TRUE,json_err,0,0,0,0,0,1,830,828,-0.240963855
bradsdeals.com,TRUE,json_err,1---,1,1---,1,,,,,
viasat.com,TRUE,NOT_FOUND,0,0,0,0,0,1,856,862,0.700934579
madewell.com,TRUE,json_err,0,0,0,0,,,,,
merchantcircle.com,TRUE,NOT_FOUND,0,0,0,0,0,1,1037,615,-40.69431051
cirquedusoleil.com,TRUE,NOT_FOUND,0,0,0,0,0,0,,,
mlssoccer.com,TRUE,NOT_FOUND,0,0,0,0,0,1,320,634,98.125
pagerduty.com,TRUE,NOT_FOUND,0,0,0,0,0,1,736,728,-1.086956522
komonews.com,TRUE,NOT_FOUND,4,4,4,4,,,,,
wfla.com,TRUE,NOT_FOUND,1YNN,1,1YYN,1,,,736,634,-13.85869565
vistarmedia.com,TRUE,NOT_FOUND,0,0,0,0,,,,,
halloweencostumes.com,TRUE,NOT_FOUND,0,0,0,0,,,,,
autoelevate.com,TRUE,NOT_FOUND,0,0,0,0,,,,,
heraldtribune.com,TRUE,NOT_FOUND,1---,1,1---,1,,,,,
tdbank.com,TRUE,json_err,0,0,0,0,,,,,
wcvb.com,TRUE,NOT_FOUND,0,0,0,0,,,,,
jacksonville.com,TRUE,NOT_FOUND,1---,1,1---,1,,,,,
thebump.com,TRUE,NOT_FOUND,0,0,0,0,0,0,,,
customink.com,TRUE,NOT_FOUND,0,0,0,0,0,1,916,814,-11.13537118
kdvr.com,TRUE,NOT_FOUND,4,4,1YYN,1,0,1,795,864,8.679245283
backcountry.com,TRUE,NOT_FOUND,0,0,0,0,,,,,
democratandchronicle.com,TRUE,NOT_FOUND,1---,1,1---,1,,,,,
ksat.com,TRUE,NOT_FOUND,1YNY,1,1YYY,1,,,1215,811,-33.25102881
mcall.com,TRUE,NOT_FOUND,1---,1,1---,1,,,,,
11alive.com,TRUE,NOT_FOUND,1YNY,1,1YNY,1,0,0,,,
writing.com,TRUE,NOT_FOUND,0,0,0,0,,,,,
thewaltdisneycompany.com,TRUE,NOT_FOUND,0,0,0,0,0,1,634,273,-56.94006309
libertymutual.com,TRUE,TRUE,0,0,0,0,,,615,935,52.03252033
pixar.com,TRUE,NOT_FOUND,0,0,0,0,0,1,182,671,268.6813187
wbgames.com,TRUE,NOT_FOUND,0,0,0,0,,,,,
fouanalytics.com,TRUE,NOT_FOUND,0,0,0,0,,,,,
workupload.com,TRUE,NOT_FOUND,0,0,0,0,,,,,
partycity.com,TRUE,NOT_FOUND,0,0,0,0,,,,,
roberthalf.com,TRUE,NOT_FOUND,0,0,0,0,0,1,831,583,-29.84356197
sho.com,TRUE,NOT_FOUND,1YNN,1,1YYN,1,0,1,837,790,-5.615292712
footballtransfers.com,TRUE,json_err,1---,1,1---,1,,,,,
samanage.com,TRUE,json_err,0,0,0,0,,,,,
fox8.com,TRUE,NOT_FOUND,4,4,4,4,0,1,765,688,-10.06535948
artnews.com,TRUE,NOT_FOUND,1---,1,1---,1,0,1,781,609,-22.02304738
viz.com,TRUE,NOT_FOUND,0,0,0,0,,,,,
fark.com,TRUE,NOT_FOUND,1NNN,1,1NNN,1,,,,,
app.com,TRUE,NOT_FOUND,1---,1,1---,1,,,,,
fleetmatics.com,TRUE,json_err,0,0,0,0,,,,,
syncbak.com,TRUE,NOT_FOUND,0,0,0,0,,,,,
newsroomlabs.com,TRUE,NOT_FOUND,0,0,0,0,,,,,
beliefnet.com,TRUE,NOT_FOUND,0,0,0,0,,,,,
tallahassee.com,TRUE,NOT_FOUND,1---,1,1---,1,,,,,
prizegrab.com,TRUE,NOT_FOUND,0,0,0,0,,,,,
snagajob.com,TRUE,NOT_FOUND,0,0,0,0,,,,,
playboy.com,TRUE,NOT_FOUND,0,0,0,0,0,1,854,744,-12.88056206
zumper.com,TRUE,json_err,0,0,0,0,0,0,,,
zola.com,TRUE,TRUE,0,0,0,0,,,673,775,15.15601783
kare11.com,TRUE,NOT_FOUND,1YNY,1,1YNY,1,0,0,,,
chicoryapp.com,TRUE,NOT_FOUND,0,0,0,0,,,,,
research.net,TRUE,NOT_FOUND,0,0,0,0,,,,,
webhostinghub.com,TRUE,NOT_FOUND,0,0,0,0,0,1,967,818,-15.40847983
vanta.com,TRUE,NOT_FOUND,0,0,0,0,,,,,
ww.com,TRUE,NOT_FOUND,0,0,0,0,,,,,
crosswalk.com,TRUE,NOT_FOUND,0,0,0,0,,,,,
exponential.com,TRUE,NOT_FOUND,0,0,0,0,,,,,
fox2now.com,TRUE,NOT_FOUND,4,4,1YYN,1,0,1,673,729,8.320950966
deseretnews.com,TRUE,NOT_FOUND,1---,1,1---,1,,,,,
ferguson.com,TRUE,NOT_FOUND,0,0,0,0,,,,,
emerson.com,TRUE,NOT_FOUND,0,0,0,0,,,,,
fundera.com,TRUE,NOT_FOUND,0,0,0,0,,,,,
sunpower.com,TRUE,NOT_FOUND,0,0,0,0,,,,,
knoxnews.com,TRUE,NOT_FOUND,1---,1,1---,1,,,,,
vpweb.com,TRUE,json_err,0,0,0,0,,,,,
journalstar.com,TRUE,NOT_FOUND,1YN-,1,1YY-,1,,,802,765,-4.613466334
myrecipes.com,TRUE,NOT_FOUND,0,0,0,0,,,,,
buzznet.com,TRUE,NOT_FOUND,1---,1,1---,1,,,,,
clearbitjs.com,TRUE,json_err,0,0,0,0,,,,,
miaminewtimes.com,TRUE,NOT_FOUND,0,0,0,0,,,,,
dialpad.com,TRUE,json_err,0,0,0,0,,,,,
columbia.com,TRUE,NOT_FOUND,0,0,0,0,0,1,891,711,-20.2020202
dallasobserver.com,TRUE,NOT_FOUND,0,0,0,0,,,,,
servicetitan.com,TRUE,NOT_FOUND,0,0,0,0,0,1,666,724,8.708708709
insurancejournal.com,TRUE,NOT_FOUND,0,0,0,0,,,,,
gamepedia.com,TRUE,json_err,1YNN,1,1YYN,1,,,832,753,-9.495192308
redstate.com,TRUE,NOT_FOUND,0,0,0,0,,,,,
arbys.com,TRUE,NOT_FOUND,0,0,0,0,,,,,
mattel163.com,TRUE,NOT_FOUND,0,0,0,0,,,,,
pastfactory.com,TRUE,NOT_FOUND,1---,1,1---,1,,,,,
pfgc.com,TRUE,NOT_FOUND,0,0,0,0,,,,,
vinted.com,TRUE,NOT_FOUND,0,0,0,0,0,0,,,
thebodyshop.com,TRUE,NOT_FOUND,0,0,0,0,,,,,
search.com,TRUE,NOT_FOUND,1YNN,1,1YYN,1,0,1,764,766,0.261780105
gpfans.com,TRUE,json_err,1---,1,1---,1,,,,,
kornferry.com,TRUE,NOT_FOUND,0,0,0,0,0,1,685,780,13.86861314
hollandamerica.com,TRUE,NOT_FOUND,0,0,0,0,0,1,642,909,41.58878505
vevo.com,TRUE,NOT_FOUND,0,0,0,0,,,,,
nikonusa.com,TRUE,NOT_FOUND,0,0,0,0,,,,,
allthingsd.com,TRUE,json_err,0,0,0,0,,,,,
shopstyle.com,TRUE,TRUE,0,0,0,0,,,802,755,-5.860349127
wfmz.com,TRUE,NOT_FOUND,4,4,4,4,,,,,
nfhsnetwork.com,TRUE,NOT_FOUND,0,0,0,0,,,,,
albertsons.com,TRUE,NOT_FOUND,0,0,0,0,0,1,560,659,17.67857143
oklahoman.com,TRUE,NOT_FOUND,1---,1,1---,1,,,,,
slicelife.com,TRUE,NOT_FOUND,0,0,0,0,,,,,
wowroms.com,TRUE,NOT_FOUND,0,0,0,0,,,,,
expatica.com,TRUE,NOT_FOUND,0,0,0,0,,,,,
amc.com,TRUE,NOT_FOUND,0,0,0,0,,,,,
ipsy.com,TRUE,json_err,0,0,0,0,,,,,
wmur.com,TRUE,NOT_FOUND,0,0,0,0,,,,,
wesh.com,TRUE,NOT_FOUND,0,0,0,0,,,,,
pilotonline.com,TRUE,NOT_FOUND,1---,1,1---,1,,,,,
crossfit.com,TRUE,json_err,0,0,0,0,,,,,
wusa9.com,TRUE,NOT_FOUND,1YNY,1,1YNY,1,,0,,,
wjla.com,TRUE,NOT_FOUND,4,4,4,4,,,,,
retaildive.com,TRUE,NOT_FOUND,1NNN,1,1NNN,1,,,,,
marriage.com,TRUE,json_err,1---,1,1---,1,,,,,
rosettastone.com,TRUE,NOT_FOUND,0,0,0,0,0,1,665,684,2.857142857
ipromote.com,TRUE,NOT_FOUND,0,0,0,0,,,,,
qlik.com,TRUE,NOT_FOUND,0,0,0,0,0,1,660,874,32.42424242
skrill.com,TRUE,NOT_FOUND,0,0,0,0,0,1,23,695,2921.73913
fotoscapes.com,TRUE,json_err,0,0,0,0,,,,,
usehero.com,TRUE,json_err,0,0,0,0,,,,,
kgw.com,TRUE,NOT_FOUND,1YNY,1,1YNY,1,0,0,,,
spoonflower.com,TRUE,NOT_FOUND,0,0,0,0,0,1,519,580,11.75337187
mbusa.com,TRUE,NOT_FOUND,1-N-,1,1-Y-,1,,,674,683,1.335311573
anker.com,TRUE,NOT_FOUND,0,0,0,0,,,,,
musiciansfriend.com,TRUE,NOT_FOUND,0,0,0,0,,,,,
delawareonline.com,TRUE,NOT_FOUND,1---,1,1---,1,,,,,
providencejournal.com,TRUE,NOT_FOUND,1---,1,1---,1,,,,,
kingarthurbaking.com,TRUE,NOT_FOUND,1-N-,1,1-Y-,1,,,1033,956,-7.454017425
pubmine.com,TRUE,json_err,0,0,0,0,,,,,
expertjobmatch.com,TRUE,NOT_FOUND,0,0,0,0,0,0,,,
ihs.com,TRUE,NOT_FOUND,0,0,0,0,,,,,
uscc.com,TRUE,NOT_FOUND,0,0,0,0,,,,,
ny1.com,TRUE,NOT_FOUND,0,0,0,0,,,,,
westword.com,TRUE,NOT_FOUND,0,0,0,0,,,,,
muscleandfitness.com,TRUE,NOT_FOUND,1---,1,1---,1,,,,,
angelstudios.com,TRUE,json_err,1NNN,1,1NYN,1,,,658,1024,55.6231003
hotair.com,TRUE,NOT_FOUND,0,0,0,0,,,,,
newsnationnow.com,TRUE,NOT_FOUND,1YNN,1,1YYN,1,0,1,779,638,-18.10012837
1800flowers.com,TRUE,NOT_FOUND,0,0,0,0,,,,,
nwitimes.com,TRUE,NOT_FOUND,1YN-,1,1YY-,1,,,864,755,-12.61574074
architizer.com,TRUE,NOT_FOUND,0,0,0,0,0,0,,,
worldofwarships.com,TRUE,NOT_FOUND,0,0,0,0,,,,,
ticketleap.com,TRUE,NOT_FOUND,0,0,0,0,,,,,
cntraveller.com,TRUE,NOT_FOUND,0,0,0,0,0,groups,,,
abc11.com,TRUE,json_err,0,0,0,0,0,1,740,682,-7.837837838
bizzabo.com,TRUE,NOT_FOUND,0,0,0,0,,,,,
enlyte.com,TRUE,NOT_FOUND,0,0,0,0,0,1,883,820,-7.134767837
tlc.com,TRUE,NOT_FOUND,1---,1,1---,1,0,0,,,
helpscout.com,TRUE,NOT_FOUND,0,0,0,0,,,,,
lumosity.com,TRUE,NOT_FOUND,0,0,0,0,,,,,
brandwatch.com,TRUE,NOT_FOUND,0,0,0,0,0,bw_cookies__strict__marketing__prev_count,,,
mintmobile.com,TRUE,NOT_FOUND,0,0,0,0,,1,730,780,6.849315068
oldnavy.com,TRUE,NOT_FOUND,0,0,0,0,,,,,
pjmedia.com,TRUE,NOT_FOUND,0,0,0,0,,,,,
roanoke.com,TRUE,NOT_FOUND,1YN-,1,1YY-,1,,,727,565,-22.28335626
weber.com,TRUE,NOT_FOUND,0,0,0,0,0,1,724,797,10.08287293
saveur.com,TRUE,NOT_FOUND,1YNN,1,1YYN,1,0,1,740,732,-1.081081081
carbuzz.com,TRUE,NOT_FOUND,4,4,4,4,,,,,
motorolasolutions.com,TRUE,json_err,0,0,0,0,,,,,
wkyc.com,TRUE,NOT_FOUND,1YNY,1,1YNY,1,0,0,,,
wnba.com,TRUE,NOT_FOUND,1YNN,1,1YYN,1,0,0,828,507,-38.76811594
trk-magnam.com,TRUE,NOT_FOUND,0,0,0,0,,,,,
blend.com,TRUE,NOT_FOUND,0,0,0,0,,,,,
saic.com,TRUE,NOT_FOUND,0,0,0,0,,,,,
intercontinental.com,TRUE,NOT_FOUND,0,0,0,0,,,,,
silive.com,TRUE,NOT_FOUND,1---,1,4,4,0,0,,,
universe.com,TRUE,NOT_FOUND,0,0,0,0,0,1,857,910,6.184364061
katu.com,TRUE,NOT_FOUND,4,4,4,4,,,,,
ensilo.com,TRUE,json_err,0,0,0,0,,,,,
gearpatrol.com,TRUE,NOT_FOUND,1YNN,1,1YYN,1,0,1,819,826,0.854700855
thinkorswim.com,TRUE,json_err,0,0,0,0,,,,,
consequence.net,TRUE,NOT_FOUND,1---,1,1---,1,0,0,,,
uniconsent.com,TRUE,NOT_FOUND,1YNN,1,1YNN,1,,,,,
wtsp.com,TRUE,NOT_FOUND,1YNY,1,1YNY,1,,,,,
wbir.com,TRUE,NOT_FOUND,1YNY,1,1YNY,1,,,,,
affinity.com,TRUE,NOT_FOUND,0,0,0,0,0,0,,,
navient.com,TRUE,json_err,0,0,0,0,,,,,
beaconjournal.com,TRUE,NOT_FOUND,1---,1,1---,1,,,,,
billingsgazette.com,TRUE,NOT_FOUND,1YN-,1,1YY-,1,,,949,964,1.58061117
trk-sodales.com,TRUE,NOT_FOUND,0,0,0,0,,,,,
kobobooks.com,TRUE,TRUE,0,0,0,0,,,339,386,13.86430678
floridatoday.com,TRUE,NOT_FOUND,1---,1,1---,1,,,,,
footwearnews.com,TRUE,NOT_FOUND,1---,1,1---,1,0,1,979,810,-17.26251277
racked.com,TRUE,NOT_FOUND,1YNY,1,1YNY,1,,,,,
square-enix-games.com,TRUE,json_err,0,0,0,0,0,0,,,
ksdk.com,TRUE,NOT_FOUND,1YNY,1,1YNY,1,0,0,,,
allaboutvision.com,TRUE,NOT_FOUND,0,0,0,0,0,1,54,91,68.51851852
discovercard.com,TRUE,NOT_FOUND,0,0,0,0,,,,,
weddingbee.com,TRUE,NOT_FOUND,1YNY,1,1YNY,1,0,0,,,
defenseone.com,TRUE,NOT_FOUND,1---,1,1YNY,1,,,,,
cwtv.com,TRUE,NOT_FOUND,1YNN,1,1YYN,1,0,1,682,700,2.639296188
thrivemarket.com,TRUE,NOT_FOUND,0,0,0,0,,,,,
emedicinehealth.com,TRUE,NOT_FOUND,0,0,0,0,,,,,
christianity.com,TRUE,NOT_FOUND,0,0,0,0,,,,,
videopress.com,TRUE,NOT_FOUND,0,0,0,0,,,,,
baxter.com,TRUE,NOT_FOUND,0,0,0,0,,,,,
elliemae.com,TRUE,json_err,0,0,0,0,,,,,
sonatype.com,TRUE,NOT_FOUND,0,0,0,0,,,,,
otterbox.com,TRUE,NOT_FOUND,0,0,0,0,,,,,
kron4.com,TRUE,NOT_FOUND,4,4,1YYN,1,,,718,695,-3.203342618
unilad.com,TRUE,NOT_FOUND,1---,1,1---,1,,,,,
goodyear.com,TRUE,json_err,0,0,0,0,0,1,602,587,-2.491694352
keeptruckin.com,TRUE,NOT_FOUND,0,0,0,0,,,,,
hermanmiller.com,TRUE,NOT_FOUND,0,0,0,0,,,,,
phoenixnewtimes.com,TRUE,NOT_FOUND,0,0,0,0,,,,,
beenverified.com,TRUE,NOT_FOUND,0,0,0,0,,,,,
truecar.com,TRUE,NOT_FOUND,0,0,0,0,,,,,
uphold.com,TRUE,NOT_FOUND,0,0,0,0,0,1,392,481,22.70408163
7shifts.com,TRUE,NOT_FOUND,1YN-,1,1YY-,1,,,801,933,16.47940075
7-eleven.com,TRUE,NOT_FOUND,0,0,0,0,,,,,
kvue.com,TRUE,NOT_FOUND,1YNY,1,1YNY,1,,,,,
iis.net,TRUE,json_err,0,0,0,0,,,,,
thedodo.com,TRUE,NOT_FOUND,1YNY,1,1YNY,1,0,1,574,751,30.83623693
smartname.com,TRUE,NOT_FOUND,0,0,0,0,,,,,
lohud.com,TRUE,NOT_FOUND,1---,1,1---,1,,,,,
pmg.com,TRUE,NOT_FOUND,0,0,0,0,0,1,690,832,20.57971014
pplusstatic.com,TRUE,json_err,0,0,0,0,,,,,
signup.com,TRUE,NOT_FOUND,0,0,0,0,,,,,
ccbill.com,TRUE,NOT_FOUND,0,0,0,0,,,,,
astrology.com,TRUE,TRUE,1---,1,1YYN,1,,,746,686,-8.042895442
plexapp.com,TRUE,json_err,0,0,0,0,,,,,
toms.com,TRUE,json_err,0,0,0,0,,,,,
zixcorp.com,TRUE,NOT_FOUND,0,0,0,0,,,,,
sandisk.com,TRUE,NOT_FOUND,0,0,0,0,,,,,
take2games.com,TRUE,NOT_FOUND,0,0,0,0,0,1,768,813,5.859375
doublepimp.com,TRUE,NOT_FOUND,0,0,0,0,,,,,
kueez.net,TRUE,json_err,0,0,0,0,,,,,
mmafighting.com,TRUE,NOT_FOUND,1YNY,1,1YNY,1,,,,,
bananarepublic.com,TRUE,NOT_FOUND,0,0,0,0,,,,,
explorelearning.com,TRUE,NOT_FOUND,0,0,0,0,,,,,
10news.com,TRUE,NOT_FOUND,0,0,0,0,,,,,
gopuff.com,TRUE,TRUE,0,0,0,0,,,89,590,562.9213483
yousician.com,TRUE,json_err,0,0,0,0,0,1,739,506,-31.52909337
kfor.com,TRUE,NOT_FOUND,1YNN,1,1YYN,1,0,1,827,706,-14.6311971
reputation.com,TRUE,NOT_FOUND,0,0,0,0,0,1,253,830,228.0632411
researchsquare.com,TRUE,NOT_FOUND,0,0,0,0,,,,,
kcci.com,TRUE,NOT_FOUND,0,0,0,0,,,,,
cityexperiences.com,TRUE,NOT_FOUND,0,0,0,0,0,0,,,
psafe.com,TRUE,NOT_FOUND,0,0,0,0,,,,,
whatsupdates.com,TRUE,json_err,0,0,0,0,,,,,
creditcards.com,TRUE,NOT_FOUND,0,0,0,0,0,1,397,274,-30.98236776
wickedlocal.com,TRUE,NOT_FOUND,1---,1,1---,1,,,,,
blogher.com,TRUE,NOT_FOUND,1---,1,1---,1,0,1,713,776,8.835904628
slideplayer.com,TRUE,NOT_FOUND,0,0,0,0,,,,,
my-alfred.com,TRUE,json_err,0,0,0,0,,,,,
woodtv.com,TRUE,NOT_FOUND,1YNN,1,4,4,,,,,
wlwt.com,TRUE,NOT_FOUND,0,0,0,0,,,,,
progress.com,TRUE,NOT_FOUND,0,0,0,0,0,0,,,
wthr.com,TRUE,NOT_FOUND,1YNY,1,1YNY,1,,,,,
bootbarn.com,TRUE,json_err,0,0,0,0,,,,,
clarionledger.com,TRUE,NOT_FOUND,1---,1,1---,1,,,,,
belmond.com,TRUE,NOT_FOUND,0,0,0,0,0,1,632,739,16.93037975
govexec.com,TRUE,NOT_FOUND,1---,1,1YNY,1,,,,,
yp.com,TRUE,NOT_FOUND,0,0,0,0,,,,,
onsemi.com,TRUE,json_err,0,0,0,0,0,1,977,734,-24.87205732
davidsbridal.com,TRUE,NOT_FOUND,0,0,0,0,,,,,
veevavault.com,TRUE,NOT_FOUND,0,0,0,0,,,,,
stevemadden.com,TRUE,NOT_FOUND,0,0,0,0,0,1,912,839,-8.004385965
usersnap.com,TRUE,json_err,0,0,0,0,,,,,
rgj.com,TRUE,NOT_FOUND,1---,1,1---,1,,,,,
familyeducation.com,TRUE,NOT_FOUND,0,0,0,0,,,,,
woothemes.com,TRUE,NOT_FOUND,0,0,0,0,,,,,
commercialappeal.com,TRUE,NOT_FOUND,1---,1,1---,1,,,,,
desertsun.com,TRUE,NOT_FOUND,1---,1,1---,1,,,,,
wdrb.com,TRUE,NOT_FOUND,1-N-,1,1-Y-,1,,,1038,1037,-0.096339114
perezhilton.com,TRUE,NOT_FOUND,1---,1,1---,1,,,,,
hillspet.com,TRUE,NOT_FOUND,0,0,0,0,,,,,
eastbaytimes.com,TRUE,NOT_FOUND,1---,1,1---,1,,,,,
shopltk.com,TRUE,NOT_FOUND,0,0,0,0,0,1,368,643,74.72826087
troweprice.com,TRUE,json_err,0,0,0,0,0,1,752,810,7.712765957
fox4kc.com,TRUE,NOT_FOUND,1YNN,1,4,4,0,1,807,905,12.14374226
zety.com,TRUE,NOT_FOUND,0,0,0,0,,,,,
jelastic.com,TRUE,json_err,0,0,0,0,,,,,
callapp.com,TRUE,NOT_FOUND,0,0,0,0,,,,,
newsok.com,TRUE,NOT_FOUND,1---,1,1---,1,,,,,
arkadium.com,TRUE,NOT_FOUND,1---,1,1---,1,,,,,
lensa.com,TRUE,NOT_FOUND,0,0,0,0,,,,,
insidehook.com,TRUE,json_err,1---,1,1---,1,,,,,
coldwellbankerhomes.com,TRUE,NOT_FOUND,0,0,0,0,,,,,
marketingdive.com,TRUE,NOT_FOUND,1NNN,1,1NNN,1,,,,,
redis.com,TRUE,NOT_FOUND,0,0,0,0,,,,,
banno.com,TRUE,NOT_FOUND,0,0,0,0,,,,,
crackerbarrel.com,TRUE,NOT_FOUND,0,0,0,0,,,,,
abajournal.com,TRUE,NOT_FOUND,0,0,0,0,,,,,
gapinc.com,TRUE,NOT_FOUND,0,0,0,0,0,1,783,840,7.279693487
olivegarden.com,TRUE,json_err,0,0,0,0,0,1,772,716,-7.25388601
moviesanywhere.com,TRUE,json_err,0,0,0,0,,,,,
cbs8.com,TRUE,NOT_FOUND,1YNY,1,1YNY,1,0,0,,,
commscope.com,TRUE,NOT_FOUND,0,0,0,0,,,,,
sentinelcloud.com,TRUE,json_err,0,0,0,0,,,,,
jotformeu.com,TRUE,NOT_FOUND,1---,1,0,0,,,,,
trk-instructior.com,TRUE,NOT_FOUND,0,0,0,0,,,,,
pix11.com,TRUE,NOT_FOUND,1---,1,1---,1,0,1,872,714,-18.11926606
rewardstyle.com,TRUE,json_err,0,0,0,0,,,,,
homechef.com,TRUE,json_err,0,0,0,0,0,0,,,
pearsoned.com,TRUE,NOT_FOUND,0,0,0,0,,,,,
slacker.com,TRUE,TRUE,0,0,undefined,undefined,,,358,424,18.43575419
nbc4i.com,TRUE,NOT_FOUND,1YNN,1,1YYN,1,,,884,800,-9.502262443
cheapflights.com,TRUE,NOT_FOUND,0,0,0,0,,,,,
ratemyprofessors.com,TRUE,json_err,1NNY,1,1NNY,1,,,,,
campingworld.com,TRUE,NOT_FOUND,0,0,0,0,,,,,
jivetel.net,TRUE,NOT_FOUND,0,0,0,0,,,,,
metrotimes.com,TRUE,NOT_FOUND,1YNN,1,1YNN,1,,,,,
gamepressure.com,TRUE,NOT_FOUND,1---,1,1---,1,,,,,
bidmyadz.com,TRUE,NOT_FOUND,0,0,0,0,,,,,
shemedia.com,TRUE,NOT_FOUND,0,0,0,0,0,1,785,912,16.17834395
naplesnews.com,TRUE,NOT_FOUND,1---,1,1---,1,,,,,
entrust.com,TRUE,NOT_FOUND,1-N-,1,1-Y-,1,,,30,1388,4526.666667
cmswire.com,TRUE,NOT_FOUND,0,0,0,0,0,1,897,830,-7.469342252
factor75.com,TRUE,NOT_FOUND,1-N-,1,1-Y-,1,,,651,837,28.57142857
fitsmallbusiness.com,TRUE,NOT_FOUND,0,0,0,0,,,,,
chimebank.com,TRUE,NOT_FOUND,0,0,0,0,,,,,
morningbrew.com,TRUE,json_err,0,0,0,0,0,1,869,892,2.646720368
arcamax.com,TRUE,json_err,1YNN,1,1YYN,1,,,825,858,4
bugcrowd.com,TRUE,NOT_FOUND,0,0,0,0,,,,,
showingtime.com,TRUE,NOT_FOUND,0,0,0,0,0,1,1307,1200,-8.18668707
bitrix24.net,TRUE,json_err,0,0,0,0,,,,,
doityourself.com,TRUE,NOT_FOUND,1YNY,1,1YNY,1,0,0,,,
krqe.com,TRUE,NOT_FOUND,1YNN,1,4,4,,,,,
leidos.com,TRUE,NOT_FOUND,0,0,0,0,0,1,672,885,31.69642857
cloudera.com,TRUE,NOT_FOUND,0,0,0,0,,,,,
myhippo.com,TRUE,NOT_FOUND,0,0,0,0,,,,,
channel3000.com,TRUE,NOT_FOUND,1---,1,1---,1,,,,,
bankofthewest.com,TRUE,json_err,0,0,0,0,,,,,
orvis.com,TRUE,NOT_FOUND,0,0,0,0,0,1,698,934,33.81088825
wavy.com,TRUE,NOT_FOUND,1YNN,1,1YYN,1,,,666,708,6.306306306
informit.com,TRUE,NOT_FOUND,0,0,0,0,0,1,113,173,53.09734513
eyebuydirect.com,TRUE,NOT_FOUND,0,0,0,0,,,,,
themanual.com,TRUE,NOT_FOUND,1---,1,1---,1,0,1,883,856,-3.057757644
surlatable.com,TRUE,json_err,0,0,0,0,,,,,
ariat.com,TRUE,NOT_FOUND,0,0,0,0,,,,,
sandals.com,TRUE,NOT_FOUND,0,0,0,0,,,,,
personalizationmall.com,TRUE,NOT_FOUND,0,0,0,0,0,1,994,931,-6.338028169
teads.com,TRUE,NOT_FOUND,0,0,0,0,,,,,
spectrumnews1.com,TRUE,NOT_FOUND,0,0,0,0,,,,,
natgeotv.com,TRUE,json_err,1YNY,1,1YYY,1,,,678,1031,52.06489676
uphe.com,TRUE,NOT_FOUND,1YNN,1,1YYN,1,0,1,755,800,5.960264901
pentair.com,TRUE,json_err,0,0,0,0,0,1,744,795,6.85483871
purple.com,TRUE,NOT_FOUND,0,0,0,0,,,,,
baynews9.com,TRUE,NOT_FOUND,0,0,0,0,,,,,
getletterpress.com,TRUE,json_err,0,0,0,0,,,,,
fox5sandiego.com,TRUE,NOT_FOUND,1YNN,1,1YYN,1,0,1,693,858,23.80952381
tastecooking.com,TRUE,NOT_FOUND,0,0,0,0,,,,,
myfox8.com,TRUE,NOT_FOUND,4,4,1YYN,1,0,1,845,797,-5.680473373
pe.com,TRUE,NOT_FOUND,1---,1,1---,1,,,,,
vast.com,TRUE,json_err,0,0,0,0,,,,,
pingtest.net,TRUE,NOT_FOUND,0,0,0,0,,,,,
gmfinancial.com,TRUE,NOT_FOUND,0,0,0,0,,,,,
wbaltv.com,TRUE,NOT_FOUND,0,0,0,0,,,,,
skyshowtime.com,TRUE,NOT_FOUND,0,0,0,0,,,,,
fitday.com,TRUE,json_err,1---,1,1---,1,0,0,,,
abcotvs.com,TRUE,json_err,0,0,0,0,,,,,
news-press.com,TRUE,NOT_FOUND,1---,1,1---,1,,,,,
journalnow.com,TRUE,NOT_FOUND,1YN-,1,1YY-,1,,,807,800,-0.867410161
marinsm.com,TRUE,json_err,0,0,0,0,,,,,
lutron.com,TRUE,json_err,0,0,0,0,0,1,778,728,-6.426735219
industryweek.com,TRUE,NOT_FOUND,0,0,0,0,,0,,,
8newsnow.com,TRUE,NOT_FOUND,1YNN,1,1YYN,1,,,864,894,3.472222222
firstcoastnews.com,TRUE,NOT_FOUND,1YNY,1,1YNY,1,,0,,,
beeradvocate.com,TRUE,NOT_FOUND,0,0,0,0,,,,,
koin.com,TRUE,NOT_FOUND,1YNN,1,1YYN,1,,,953,648,-32.00419727
dominionenergy.com,TRUE,NOT_FOUND,0,0,0,0,0,1,420,569,35.47619048
mediaforge.com,TRUE,json_err,0,0,0,0,,,,,
ussoccer.com,TRUE,NOT_FOUND,1-N-,1,1-N-,1,,,,,
dailypress.com,TRUE,NOT_FOUND,1---,1,1---,1,,,,,
live365.com,TRUE,NOT_FOUND,0,0,0,0,0,1,816,914,12.00980392
agcocorp.com,TRUE,NOT_FOUND,0,0,0,0,,,,,
crowdrise.com,TRUE,json_err,0,0,0,0,,,,,
adpredictive.com,TRUE,NOT_FOUND,0,0,0,0,,,,,
npd.com,TRUE,NOT_FOUND,4,4,4,4,0,1,850,769,-9.529411765
polestar.com,TRUE,NOT_FOUND,0,0,0,0,0,1,676,746,10.35502959
vibe.com,TRUE,NOT_FOUND,1---,1,1---,1,0,1,828,774,-6.52173913
thereformation.com,TRUE,NOT_FOUND,0,0,0,0,0,1,885,852,-3.728813559
wtae.com,TRUE,NOT_FOUND,0,0,0,0,,,,,
rosewoodhotels.com,TRUE,NOT_FOUND,0,0,0,0,0,1,653,735,12.55742726
grubstreet.com,TRUE,NOT_FOUND,1YNY,1,1YNY,1,,,,,
kay.com,TRUE,NOT_FOUND,0,0,0,0,,,,,
lawyers.com,TRUE,NOT_FOUND,0,0,0,0,,,,,
withjoy.com,TRUE,json_err,1---,1,1---,1,,,,,
intouchweekly.com,TRUE,NOT_FOUND,1---,1,1---,1,,,,,
sportbible.com,TRUE,NOT_FOUND,1---,1,1---,1,,,,,
wotblitz.com,TRUE,json_err,0,0,0,0,,,,,
wyff4.com,TRUE,NOT_FOUND,0,0,0,0,,,,,
dailycamera.com,TRUE,NOT_FOUND,1---,1,1---,1,,,,,
clevescene.com,TRUE,NOT_FOUND,1YNN,1,1YNN,1,,,,,
punchbowl.com,TRUE,NOT_FOUND,1YNY,1,1YYY,1,,,1052,738,-29.84790875
insidermonkey.com,TRUE,NOT_FOUND,1---,1,1---,1,,,,,
purina.com,TRUE,NOT_FOUND,0,0,0,0,0,1,810,1104,36.2962963
wcnc.com,TRUE,NOT_FOUND,1YNY,1,1YNY,1,0,0,,,
riverfronttimes.com,TRUE,NOT_FOUND,1YNN,1,1YNN,1,,,,,
jobs2web.com,TRUE,json_err,0,0,0,0,,,,,
arvest.com,TRUE,json_err,0,0,0,0,0,0,,,
myisolved.com,TRUE,NOT_FOUND,0,0,0,0,,,,,
wkrn.com,TRUE,NOT_FOUND,1YNN,1,1YYN,1,,,817,928,13.58629131
byd.com,TRUE,NOT_FOUND,0,0,0,0,,,,,
babble.com,TRUE,json_err,1YNY,1,1YYY,1,,,739,841,13.80243572
news-journalonline.com,TRUE,NOT_FOUND,1---,1,1---,1,,,,,
tenorshare.com,TRUE,NOT_FOUND,0,0,0,0,,,,,
bleacherreport.net,TRUE,json_err,0,0,0,0,,,,,
jackhenry.com,TRUE,NOT_FOUND,0,0,0,0,,,,,
newscorp.com,TRUE,NOT_FOUND,0,0,0,0,0,0,,,
wwltv.com,TRUE,NOT_FOUND,1YNY,1,1YNY,1,,,,,
outschool.com,TRUE,json_err,0,0,0,0,,,,,
zzounds.com,TRUE,NOT_FOUND,0,0,0,0,0,0,,,
merrell.com,TRUE,NOT_FOUND,0,0,0,0,0,1,855,915,7.01754386
chairish.com,TRUE,NOT_FOUND,0,0,0,0,,,,,
pmc.com,TRUE,NOT_FOUND,0,0,0,0,0,1,773,745,-3.62225097
worldoftanks.com,TRUE,NOT_FOUND,0,0,0,0,0,1,486,268,-44.85596708
nbcolympics.com,TRUE,NOT_FOUND,1YNN,1,1YYN,1,0,1,895,698,-22.01117318
meaww.com,TRUE,NOT_FOUND,1---,1,1---,1,,,,,
wreg.com,TRUE,NOT_FOUND,1---,1,1---,1,0,1,765,810,5.882352941
coherentpath.com,TRUE,json_err,0,0,0,0,,,,,
hellogenie.com,TRUE,json_err,0,0,0,0,,,,,
10tv.com,TRUE,NOT_FOUND,1YNY,1,1YNY,1,,,,,
kutv.com,TRUE,NOT_FOUND,4,4,4,4,,,,,
twitchy.com,TRUE,NOT_FOUND,0,0,0,0,,,,,
wineenthusiast.com,TRUE,json_err,0,0,0,0,,,,,
kendrascott.com,TRUE,NOT_FOUND,0,0,0,0,0,1,990,892,-9.898989899
wkbn.com,TRUE,NOT_FOUND,1YNN,1,1YYN,1,,,982,661,-32.68839104
betradar.com,TRUE,NOT_FOUND,0,0,0,0,,,,,
tcpalm.com,TRUE,NOT_FOUND,1---,1,1---,1,,,,,
charlottetilbury.com,TRUE,NOT_FOUND,0,0,0,0,0,1,773,676,-12.54851229
talentbrew.com,TRUE,TRUE,0,0,0,0,,,361,27,-92.52077562
ajmc.com,TRUE,NOT_FOUND,1YNY,1,1YNY,1,,,,,
theupsstore.com,TRUE,json_err,0,0,0,0,0,1,763,763,0
scheels.com,TRUE,json_err,0,0,0,0,,,,,
financebuzz.com,TRUE,NOT_FOUND,0,0,0,0,,,,,
qctimes.com,TRUE,NOT_FOUND,1YN-,1,1YY-,1,,,792,794,0.252525253
redflagdeals.com,TRUE,NOT_FOUND,1YNY,1,1YYY,1,,,1172,1062,-9.385665529
momondo.com,TRUE,NOT_FOUND,0,0,0,0,,,,,
pressofatlanticcity.com,TRUE,NOT_FOUND,1YN-,1,1YY-,1,,,750,811,8.133333333
yellowbook.com,TRUE,NOT_FOUND,0,0,0,0,0,1,753,854,13.41301461
lifeextension.com,TRUE,TRUE,0,0,0,0,0,1,1044,1035,-0.862068966
pella.com,TRUE,NOT_FOUND,0,0,0,0,,,,,
aflac.com,TRUE,NOT_FOUND,0,0,0,0,,,,,
accuradio.com,TRUE,json_err,1---,1,1---,1,,,,,
disneynow.com,TRUE,NOT_FOUND,0,0,0,0,,,,,
vive.com,TRUE,NOT_FOUND,0,0,0,0,,,,,
techhive.com,TRUE,NOT_FOUND,1---,1,1---,1,,,,,
uscellular.com,TRUE,NOT_FOUND,0,0,0,0,0,1,510,674,32.15686275
pilotflyingj.com,TRUE,NOT_FOUND,0,0,0,0,0,1,717,764,6.555090656
nextgov.com,TRUE,NOT_FOUND,1---,1,1YNY,1,,,,,
synonym.com,TRUE,json_err,1---,1,1---,1,0,0,,,
khon2.com,TRUE,NOT_FOUND,4,4,1YYN,1,0,1,670,700,4.47761194
breakingnewsbrief.com,TRUE,NOT_FOUND,1---,1,1---,1,,,,,
missoulian.com,TRUE,NOT_FOUND,1YN-,1,1YY-,1,,,730,793,8.630136986
audiusa.com,TRUE,json_err,0,0,0,0,0,1,532,818,53.7593985
wpri.com,TRUE,NOT_FOUND,1YNN,1,4,4,0,1,171,327,91.22807018
cincpro.com,TRUE,NOT_FOUND,0,0,0,0,0,1,980,817,-16.63265306
metv.com,TRUE,NOT_FOUND,1---,1,1---,1,,,,,
insideedition.com,TRUE,NOT_FOUND,1YNN,1,1YYN,1,0,1,836,628,-24.88038278
wtnh.com,TRUE,NOT_FOUND,1YNN,1,1YYN,1,0,1,842,747,-11.28266033
volkswagen.com,TRUE,json_err,0,0,0,0,,,,,
kawasaki.com,TRUE,json_err,1---,1,1---,1,0,1,679,705,3.82916053
planet.com,TRUE,NOT_FOUND,0,0,0,0,0,1,792,814,2.777777778
lehighvalleylive.com,TRUE,NOT_FOUND,1---,1,4,4,0,0,,,
holidayinn.com,TRUE,NOT_FOUND,0,0,0,0,,,,,
newson6.com,TRUE,NOT_FOUND,1---,1,1---,1,,,,,
rejuvenation.com,TRUE,NOT_FOUND,0,0,0,0,,,,,
northland.net,TRUE,NOT_FOUND,0,0,0,0,,,,,
ramnode.com,TRUE,NOT_FOUND,0,0,0,0,0,1,778,872,12.08226221
abc4.com,TRUE,NOT_FOUND,1---,1,1---,1,0,1,850,743,-12.58823529
news.com,TRUE,NOT_FOUND,0,0,0,0,,,,,
artforum.com,TRUE,json_err,1---,1,1---,1,0,1,681,705,3.524229075
viaplay.com,TRUE,NOT_FOUND,0,0,0,0,0,1,399,888,122.556391
wivb.com,TRUE,NOT_FOUND,4,4,1YYN,1,,,752,824,9.574468085
digitalmusicnews.com,TRUE,NOT_FOUND,1NNN,1,1NNN,1,,,,,
getjerry.com,TRUE,NOT_FOUND,0,0,0,0,,,,,
consequenceofsound.net,TRUE,NOT_FOUND,1---,1,1---,1,,,,,
usfoods.com,TRUE,NOT_FOUND,0,0,0,0,0,1,971,955,-1.647785788
trib.com,TRUE,NOT_FOUND,1YN-,1,1YY-,1,,,847,699,-17.47343566
houstonpress.com,TRUE,NOT_FOUND,0,0,0,0,,,,,
billtrust.com,TRUE,NOT_FOUND,0,0,0,0,0,1,621,614,-1.127214171
theledger.com,TRUE,NOT_FOUND,1---,1,1---,1,,,,,
siteplug.com,TRUE,NOT_FOUND,0,0,0,0,0,1,837,862,2.986857826
evo.com,TRUE,NOT_FOUND,0,0,0,0,,,,,
ktvb.com,TRUE,NOT_FOUND,1YNY,1,1YNY,1,0,0,,,
mmamania.com,TRUE,NOT_FOUND,1YNY,1,1YNY,1,,,,,
citizen-times.com,TRUE,NOT_FOUND,1---,1,1---,1,,,,,
deckers.com,TRUE,NOT_FOUND,0,0,0,0,,,,,
contactout.com,TRUE,NOT_FOUND,0,0,0,0,,,,,
conductor.com,TRUE,NOT_FOUND,0,0,0,0,,,,,
zales.com,TRUE,NOT_FOUND,0,0,0,0,,,,,
wgrz.com,TRUE,NOT_FOUND,1YNY,1,1YNY,1,0,0,,,
detnews.com,TRUE,json_err,1---,1,1---,1,,,,,
extratv.com,TRUE,NOT_FOUND,0,0,0,0,0,0,,,
abc27.com,TRUE,NOT_FOUND,4,4,4,4,,,,,
aplaceformom.com,TRUE,NOT_FOUND,0,0,0,0,,,,,
allbirds.com,TRUE,TRUE,0,0,0,0,,,546,669,22.52747253
greensboro.com,TRUE,NOT_FOUND,1YN-,1,1YY-,1,,,885,955,7.90960452
hoopshype.com,TRUE,NOT_FOUND,0,0,0,0,0,0,,,
discoverfinancial.com,TRUE,json_err,0,0,0,0,,,,,
teachertube.com,TRUE,NOT_FOUND,0,0,0,0,,,,,
bluemountain.com,TRUE,NOT_FOUND,0,0,0,0,,,,,
scholarships.com,TRUE,NOT_FOUND,0,0,0,0,,,,,
mp3.com,TRUE,NOT_FOUND,1YNN,1,1YYN,1,0,1,744,830,11.55913978
constructconnect.com,TRUE,NOT_FOUND,0,0,0,0,,,,,
automationanywhere.com,TRUE,NOT_FOUND,0,0,0,0,0,1,719,717,-0.278164117
adadapted.com,TRUE,NOT_FOUND,0,0,0,0,,,,,
bdo.com,TRUE,NOT_FOUND,0,0,0,0,0,0,,,
lifelock.com,TRUE,json_err,0,0,0,0,,,,,
mybeautybrides.net,TRUE,json_err,0,0,0,0,,,,,
dailybreeze.com,TRUE,NOT_FOUND,1---,1,1---,1,,,,,
rci.com,TRUE,json_err,0,0,0,0,0,0,,,
storm8.com,TRUE,NOT_FOUND,0,0,0,0,,,,,
ketv.com,TRUE,NOT_FOUND,0,0,0,0,,,,,
angel.com,TRUE,NOT_FOUND,1NNN,1,1NYN,1,,,867,884,1.960784314
saucony.com,TRUE,NOT_FOUND,0,0,0,0,0,1,715,914,27.83216783
ironplanet.com,TRUE,NOT_FOUND,0,0,0,0,,,,,
rockethomes.com,TRUE,json_err,0,0,0,0,,,,,
exploredplanet.com,TRUE,NOT_FOUND,1---,1,1---,1,,,,,
mediaalpha.com,TRUE,NOT_FOUND,0,0,0,0,,,,,
fxnetworks.com,TRUE,NOT_FOUND,1YNY,1,1YYY,1,0,1,856,789,-7.827102804
weatherhomeapp.com,TRUE,NOT_FOUND,0,0,0,0,,,,,
trk-architecto.com,TRUE,NOT_FOUND,0,0,0,0,,,,,
greatclips.com,TRUE,NOT_FOUND,0,0,0,0,0,1,579,806,39.20552677
sigsauer.com,TRUE,json_err,0,0,0,0,,,,,
wd.com,TRUE,NOT_FOUND,0,0,0,0,,,,,
dollarshaveclub.com,TRUE,json_err,0,0,0,0,,,,,
turnto10.com,TRUE,NOT_FOUND,4,4,4,4,,,,,
apxor.com,TRUE,NOT_FOUND,0,0,0,0,,,,,
milesplit.com,TRUE,json_err,1-N-,1,1-Y-,1,,,787,849,7.878017789
bitpay.com,TRUE,NOT_FOUND,0,0,0,0,,,,,
standardandpoors.com,TRUE,json_err,0,0,0,0,,,,,
craftsy.com,TRUE,NOT_FOUND,0,0,0,0,,,,,
dvdtalk.com,TRUE,NOT_FOUND,1---,1,1---,1,0,0,,,
511tactical.com,TRUE,NOT_FOUND,0,0,0,0,0,1,661,593,-10.28744327
viveport.com,TRUE,NOT_FOUND,0,0,0,0,,,,,
markitondemand.com,TRUE,json_err,0,0,0,0,,,,,
itworld.com,TRUE,json_err,1---,1,1---,1,,,,,
breadpayments.com,TRUE,json_err,0,0,0,0,,,,,
cjonline.com,TRUE,NOT_FOUND,1---,1,1---,1,,,,,
whats-mate.com,TRUE,json_err,0,0,0,0,,,,,
onlinesoccermanager.com,TRUE,json_err,0,0,0,0,,,,,
cbsinteractive.com,TRUE,json_err,1YNN,1,1YYN,1,,,987,768,-22.18844985
peekyou.com,TRUE,NOT_FOUND,0,0,0,0,,,,,
upgrade.com,TRUE,NOT_FOUND,0,0,0,0,0,0,,,
lucidmotors.com,TRUE,NOT_FOUND,0,0,0,0,0,0,,,
lifeandstylemag.com,TRUE,NOT_FOUND,1---,1,1---,1,,,,,
retentionscience.com,TRUE,json_err,0,0,0,0,,,,,
plangrid.com,TRUE,NOT_FOUND,0,0,0,0,,,,,
drugstore.com,TRUE,json_err,0,0,0,0,,,,,
paysafe.com,TRUE,NOT_FOUND,0,0,0,0,0,1,697,756,8.464849354
instapundit.com,TRUE,json_err,0,0,0,0,,,,,
segmentnext.com,TRUE,NOT_FOUND,1---,1,1---,1,,,,,
wwlp.com,TRUE,NOT_FOUND,1YNN,1,4,4,,,,,
sonesta.com,TRUE,NOT_FOUND,0,0,0,0,0,1,775,697,-10.06451613
paymentus.com,TRUE,NOT_FOUND,0,0,0,0,,,,,
4imprint.com,TRUE,NOT_FOUND,0,0,0,0,,,,,
nothingbundtcakes.com,TRUE,NOT_FOUND,0,0,0,0,,,,,
libertymutualgroup.com,TRUE,NOT_FOUND,0,0,0,0,,,,,
sonymusic.com,TRUE,NOT_FOUND,0,0,0,0,,,,,
argusleader.com,TRUE,NOT_FOUND,1---,1,1---,1,,,,,
greenvilleonline.com,TRUE,NOT_FOUND,1---,1,1---,1,,,,,
psychiatrictimes.com,TRUE,NOT_FOUND,1YNY,1,1YNY,1,,,,,
12news.com,TRUE,NOT_FOUND,1YNY,1,1YNY,1,,,,,
autolist.com,TRUE,NOT_FOUND,0,0,0,0,,,,,
wgal.com,TRUE,NOT_FOUND,0,0,0,0,,,,,
avasecurity.com,TRUE,NOT_FOUND,0,0,0,0,,,,,
pantagraph.com,TRUE,NOT_FOUND,1YN-,1,1YY-,1,,,666,789,18.46846847
andscape.com,TRUE,NOT_FOUND,1YNY,1,1YYY,1,0,1,888,686,-22.74774775
123greetings.com,TRUE,NOT_FOUND,1---,1,1---,1,,,,,
abc10.com,TRUE,NOT_FOUND,1YNY,1,1YNY,1,0,0,,,
ecco.com,TRUE,NOT_FOUND,0,0,0,0,,,,,
pjstar.com,TRUE,NOT_FOUND,1---,1,1---,1,,,,,
roboforex.com,TRUE,NOT_FOUND,0,0,0,0,,,,,
sonarsource.com,TRUE,NOT_FOUND,0,0,0,0,,,,,
registerguard.com,TRUE,NOT_FOUND,1---,1,1---,1,,,,,
global.com,TRUE,NOT_FOUND,0,0,0,0,,,,,
pixilart.com,TRUE,json_err,0,0,0,0,,,,,
oralb.com,TRUE,NOT_FOUND,0,0,0,0,0,1,541,1097,102.7726433
life.com,TRUE,NOT_FOUND,0,0,0,0,,,,,
bitdiscovery.com,TRUE,NOT_FOUND,0,0,0,0,,,,,
kens5.com,TRUE,NOT_FOUND,1YNY,1,1YNY,1,0,0,,,
cantonrep.com,TRUE,NOT_FOUND,1---,1,1---,1,,,,,
csiweb.com,TRUE,json_err,1---,1,1---,1,,,,,
motosport.com,TRUE,NOT_FOUND,0,0,0,0,,,,,
participant.com,TRUE,NOT_FOUND,0,0,0,0,,,,,
abc30.com,TRUE,json_err,0,0,0,0,,,,,
elpasotimes.com,TRUE,NOT_FOUND,1---,1,1---,1,,,,,
seacoastonline.com,TRUE,NOT_FOUND,1---,1,1---,1,,,,,
wate.com,TRUE,NOT_FOUND,1YNN,1,1YYN,1,0,1,743,1053,41.72274563
news-leader.com,TRUE,NOT_FOUND,1---,1,1---,1,,,,,
staplesadvantage.com,TRUE,json_err,0,0,0,0,,,,,
tickpick.com,TRUE,NOT_FOUND,0,0,0,0,,,,,
cagesideseats.com,TRUE,NOT_FOUND,1YNY,1,1YNY,1,,,,,
mutualofomaha.com,TRUE,NOT_FOUND,0,0,0,0,0,1,540,871,61.2962963
sj-r.com,TRUE,NOT_FOUND,1---,1,1---,1,,,,,
eyemedvisioncare.com,TRUE,NOT_FOUND,0,0,0,0,,,,,
motorauthority.com,TRUE,NOT_FOUND,1YNY,1,1YNY,1,,0,,,
wheeloffortune.com,TRUE,TRUE,0,0,0,0,,,681,643,-5.580029369
bombas.com,TRUE,NOT_FOUND,1YNN,1,1YNN,1,,,,,
wisn.com,TRUE,NOT_FOUND,0,0,0,0,,,,,
solidgate.com,TRUE,json_err,0,0,0,0,,,,,
hammacher.com,TRUE,json_err,0,0,0,0,,,,,
adstir.com,TRUE,json_err,0,0,0,0,,,,,
cordcuttersnews.com,TRUE,NOT_FOUND,0,0,0,0,,,,,
trk-amropode.com,TRUE,NOT_FOUND,0,0,0,0,,,,,
fjallraven.com,TRUE,NOT_FOUND,0,0,0,0,,,,,
princesspolly.com,TRUE,NOT_FOUND,0,0,0,0,0,1,924,719,-22.18614719
veve.com,TRUE,NOT_FOUND,0,0,0,0,0,1,780,915,17.30769231
showclix.com,TRUE,NOT_FOUND,0,0,0,0,,,,,
livingspaces.com,TRUE,TRUE,0,0,0,0,,,878,796,-9.339407745
20thcenturystudios.com,TRUE,json_err,1YNY,1,1YYY,1,0,1,673,700,4.011887073
boschsecurity.com,TRUE,NOT_FOUND,0,0,0,0,,,,,
iseecars.com,TRUE,NOT_FOUND,0,0,0,0,,,,,
factmonster.com,TRUE,NOT_FOUND,0,0,0,0,,,,,
marketleader.com,TRUE,NOT_FOUND,0,0,0,0,,,,,
wzzm13.com,TRUE,NOT_FOUND,1YNY,1,1YNY,1,0,0,,,
tmobile.com,TRUE,json_err,0,0,0,0,,,,,
autonation.com,TRUE,NOT_FOUND,0,0,0,0,0,1,831,826,-0.601684717
store-macys.com,TRUE,NOT_FOUND,0,0,0,0,,,,,
jmbullion.com,TRUE,NOT_FOUND,1---,1,1---,1,,,,,
netzero.net,TRUE,json_err,0,0,0,0,,,,,
rabbitmq.com,TRUE,NOT_FOUND,0,0,0,0,0,1,709,694,-2.115655853
cbs6albany.com,TRUE,NOT_FOUND,4,4,4,4,,,,,
peopleenespanol.com,TRUE,NOT_FOUND,0,0,0,0,,,,,
justfab.com,TRUE,TRUE,0,0,0,0,0,1,1020,830,-18.62745098
wdsu.com,TRUE,NOT_FOUND,0,0,0,0,,,,,
openpath.com,TRUE,NOT_FOUND,0,0,0,0,,,,,
news10.com,TRUE,NOT_FOUND,1YNN,1,4,4,,,,,
verabradley.com,TRUE,NOT_FOUND,1-N-,1,1-Y-,1,,,910,558,-38.68131868
grantland.com,TRUE,NOT_FOUND,0,0,0,0,,,,,
zagg.com,TRUE,NOT_FOUND,1-N-,1,1-Y-,1,,,706,508,-28.04532578
totango.com,TRUE,NOT_FOUND,0,0,0,0,,,,,
keloland.com,TRUE,NOT_FOUND,1YNN,1,4,4,,,,,
syncfusion.com,TRUE,NOT_FOUND,0,0,0,0,,,,,
ktvz.com,TRUE,NOT_FOUND,1---,1,1---,1,,,,,
kmbc.com,TRUE,NOT_FOUND,0,0,0,0,,,,,
papertrailapp.com,TRUE,NOT_FOUND,0,0,0,0,,,,,
viewbug.com,TRUE,NOT_FOUND,1NN-,1,1NN-,1,,,,,
goldderby.com,TRUE,NOT_FOUND,1---,1,1---,1,0,1,870,667,-23.33333333
brother-usa.com,TRUE,NOT_FOUND,0,0,0,0,,,,,
madkudu.com,TRUE,NOT_FOUND,0,0,0,0,,,,,
flybirdgames.com,TRUE,NOT_FOUND,0,0,0,0,,,,,
whnt.com,TRUE,NOT_FOUND,1YNN,1,4,4,0,1,886,959,8.239277652
eventticketscenter.com,TRUE,NOT_FOUND,0,0,0,0,,,,,
concur.com,TRUE,NOT_FOUND,0,0,0,0,,,,,
veevacrm.com,TRUE,json_err,0,0,0,0,,,,,
lansingstatejournal.com,TRUE,NOT_FOUND,1---,1,1---,1,,,,,
tatler.com,TRUE,NOT_FOUND,0,0,0,0,0,groups,,,
wric.com,TRUE,NOT_FOUND,4,4,1YYN,1,0,1,841,890,5.826397146
paycom.com,TRUE,NOT_FOUND,0,0,0,0,,,,,
everyplate.com,TRUE,NOT_FOUND,1-N-,1,1-Y-,1,,,948,600,-36.70886076
big5sportinggoods.com,TRUE,json_err,0,0,0,0,0,1,877,838,-4.446978335
servsafe.com,TRUE,json_err,0,0,0,0,,,,,
pharmacytimes.com,TRUE,NOT_FOUND,1YNY,1,1YNY,1,,,,,
myfoodandfamily.com,TRUE,json_err,0,0,0,0,0,1,813,607,-25.33825338
orlandoweekly.com,TRUE,NOT_FOUND,1YNN,1,1YNN,1,,,,,
wearfigs.com,TRUE,NOT_FOUND,0,0,0,0,0,1,734,593,-19.20980926
statesmanjournal.com,TRUE,NOT_FOUND,1---,1,1---,1,,,,,
grizly.com,TRUE,NOT_FOUND,1---,1,1---,1,,,,,
stuartweitzman.com,TRUE,json_err,0,0,0,0,0,1,753,768,1.992031873
windsorstore.com,TRUE,NOT_FOUND,0,0,0,0,0,1,941,837,-11.05207226
q2ebanking.com,TRUE,json_err,0,0,0,0,,,,,
aus.com,TRUE,NOT_FOUND,0,0,0,0,,,,,
pnj.com,TRUE,NOT_FOUND,1---,1,1---,1,,,,,
wltx.com,TRUE,NOT_FOUND,1YNY,1,1YNY,1,,,,,
gainesville.com,TRUE,NOT_FOUND,1---,1,1---,1,,,,,
13newsnow.com,TRUE,NOT_FOUND,1YNY,1,1YNY,1,,,,,
virtuozzo.com,TRUE,NOT_FOUND,0,0,0,0,,,,,
mortalkombat.com,TRUE,NOT_FOUND,0,0,0,0,0,0,,,
fleetfeet.com,TRUE,json_err,0,0,0,0,,,,,
sugardaddyy.com,TRUE,json_err,0,0,0,0,,,,,
azazie.com,TRUE,NOT_FOUND,1---,1,1---,1,,,,,
trk-tristique.com,TRUE,NOT_FOUND,0,0,0,0,,,,,
sportico.com,TRUE,NOT_FOUND,1---,1,1---,1,0,1,709,688,-2.961918195
fredericksburg.com,TRUE,NOT_FOUND,1YN-,1,1YY-,1,,,822,724,-11.92214112
takepart.com,TRUE,NOT_FOUND,0,0,0,0,,,,,
rapidcityjournal.com,TRUE,NOT_FOUND,1YN-,1,1YY-,1,,,825,799,-3.151515152
winteriscoming.net,TRUE,NOT_FOUND,1---,1,1---,1,,,,,
acxiom.com,TRUE,NOT_FOUND,0,0,0,0,,,,,
johnnyseeds.com,TRUE,NOT_FOUND,0,0,0,0,,,,,
cradlepoint.com,TRUE,NOT_FOUND,0,0,0,0,0,1,631,639,1.267828843
buckle.com,TRUE,NOT_FOUND,0,0,0,0,0,1,700,952,36
savannahnow.com,TRUE,NOT_FOUND,1---,1,1---,1,,,,,
montgomeryadvertiser.com,TRUE,NOT_FOUND,1---,1,1---,1,,,,,
winemag.com,TRUE,json_err,0,0,0,0,,,,,
americangreetings.com,TRUE,NOT_FOUND,0,0,0,0,,,,,
ichotelsgroup.com,TRUE,NOT_FOUND,0,0,0,0,,,,,
advantech.com,TRUE,json_err,0,0,0,0,,,,,
greencarreports.com,TRUE,NOT_FOUND,1YNY,1,1YNY,1,0,0,,,
tartecosmetics.com,TRUE,NOT_FOUND,0,0,0,0,0,1,1161,1075,-7.407407407
imax.com,TRUE,json_err,0,0,0,0,,,,,
burlingtonfreepress.com,TRUE,NOT_FOUND,1---,1,1---,1,,,,,
koco.com,TRUE,NOT_FOUND,0,0,0,0,,,,,
hrdive.com,TRUE,NOT_FOUND,1NNN,1,1NNN,1,,,,,
marinij.com,TRUE,NOT_FOUND,1---,1,1---,1,,,,,
pga.com,TRUE,NOT_FOUND,0,0,0,0,,,,,
leagueathletics.com,TRUE,NOT_FOUND,1YNN,1,1YYN,1,,,856,668,-21.96261682
wnep.com,TRUE,NOT_FOUND,1YNY,1,1YNY,1,0,0,,,
olivetree.com,TRUE,NOT_FOUND,0,0,0,0,,,,,
boarddocs.com,TRUE,NOT_FOUND,0,0,0,0,,,,,
moneymetals.com,TRUE,NOT_FOUND,0,0,0,0,,,,,
santacruzsentinel.com,TRUE,NOT_FOUND,1---,1,1---,1,,,,,
corvetteforum.com,TRUE,NOT_FOUND,1---,1,1---,1,,,,,
lipsum.com,TRUE,json_err,0,0,0,0,,,,,
acuitybrands.com,TRUE,json_err,0,0,0,0,,,,,
saturdaydownsouth.com,TRUE,NOT_FOUND,0,0,0,0,,,,,
fooducate.com,TRUE,json_err,1---,1,1---,1,,,,,
greensky.com,TRUE,json_err,0,0,0,0,,,,,
hibu.com,TRUE,NOT_FOUND,0,0,0,0,,,,,
netflixlife.com,TRUE,NOT_FOUND,1---,1,1---,1,,,,,
docplayer.net,TRUE,NOT_FOUND,0,0,0,0,,,,,
wane.com,TRUE,NOT_FOUND,1YNN,1,4,4,,,,,
pdfescape.com,TRUE,NOT_FOUND,0,0,0,0,0,0,,,
opower.com,TRUE,json_err,0,0,0,0,,,,,
fox40.com,TRUE,NOT_FOUND,1YNN,1,1YYN,1,0,1,936,830,-11.32478632
nakedcapitalism.com,TRUE,NOT_FOUND,1---,1,1---,1,,,,,
fast-growing-trees.com,TRUE,NOT_FOUND,0,0,0,0,,,,,
pgatoursuperstore.com,TRUE,json_err,0,0,0,0,0,1,956,938,-1.882845188
jared.com,TRUE,NOT_FOUND,0,0,0,0,,,,,
papamurphys.com,TRUE,NOT_FOUND,0,0,0,0,,,,,
local12.com,TRUE,NOT_FOUND,4,4,4,4,,,,,
bismarcktribune.com,TRUE,NOT_FOUND,1YN-,1,1YY-,1,,,938,754,-19.61620469
safeco.com,TRUE,TRUE,0,0,0,0,,,1000,708,-29.2
utilitydive.com,TRUE,NOT_FOUND,1NNN,1,1NNN,1,,,,,
ab-inbev.com,TRUE,json_err,0,0,0,0,0,1,673,668,-0.742942051
shonenjump.com,TRUE,NOT_FOUND,0,0,0,0,,,,,
lacrossetribune.com,TRUE,NOT_FOUND,1YN-,1,1YY-,1,,,958,927,-3.235908142
todayshomeowner.com,TRUE,NOT_FOUND,0,0,0,0,0,0,,,
worldsurfleague.com,TRUE,NOT_FOUND,1---,1,1---,1,,,,,
hdsupplysolutions.com,TRUE,NOT_FOUND,0,0,0,0,,,,,
modcloth.com,TRUE,NOT_FOUND,0,0,0,0,,,,,
seaworldparks.com,TRUE,NOT_FOUND,0,0,0,0,,,,,
coloradoan.com,TRUE,NOT_FOUND,1---,1,1---,1,,,,,
readingeagle.com,TRUE,NOT_FOUND,1---,1,1---,1,,,,,
spanx.com,TRUE,NOT_FOUND,0,0,0,0,,,,,
longhornsteakhouse.com,TRUE,json_err,0,0,0,0,0,1,701,640,-8.701854494
ohio.com,TRUE,NOT_FOUND,1---,1,1---,1,,,,,
coldwatercreek.com,TRUE,NOT_FOUND,0,0,0,0,0,0,,,
bitrixsoft.com,TRUE,NOT_FOUND,0,0,0,0,,,,,
whats-vpn.com,TRUE,json_err,0,0,0,0,,,,,
ip2location.com,TRUE,NOT_FOUND,0,0,0,0,,,,,
rockymountainatvmc.com,TRUE,NOT_FOUND,0,0,0,0,,,,,
wlky.com,TRUE,NOT_FOUND,0,0,0,0,,,,,
vcstar.com,TRUE,NOT_FOUND,1---,1,1---,1,,,,,
ahs.com,TRUE,json_err,0,0,0,0,,,,,
vshred.com,TRUE,json_err,0,0,0,0,,,,,
katv.com,TRUE,NOT_FOUND,4,4,4,4,,,,,
hasbropulse.com,TRUE,NOT_FOUND,0,0,0,0,,,,,
presstelegram.com,TRUE,NOT_FOUND,1---,1,1---,1,,,,,
mymove.com,TRUE,NOT_FOUND,1YYY,1,1YYY,1,0,1,832,725,-12.86057692
goerie.com,TRUE,NOT_FOUND,1---,1,1---,1,,,,,
swimswam.com,TRUE,NOT_FOUND,0,0,0,0,,,,,
viacom.com,TRUE,NOT_FOUND,1YNN,1,1YYN,1,,,813,320,-60.6396064
creditdonkey.com,TRUE,NOT_FOUND,1---,1,1---,1,,,,,
llflooring.com,TRUE,NOT_FOUND,0,0,0,0,0,0,,,
ereplacementparts.com,TRUE,NOT_FOUND,0,0,0,0,0,1,1138,976,-14.23550088
napavalleyregister.com,TRUE,NOT_FOUND,1YN-,1,1YY-,1,,,741,865,16.73414305
southwestwifi.com,TRUE,json_err,0,0,0,0,,,,,
kearney.com,TRUE,NOT_FOUND,1-N-,1,1-Y-,1,,,793,684,-13.74527112
elite-brides.com,TRUE,json_err,0,0,0,0,,,,,
greenbaypressgazette.com,TRUE,NOT_FOUND,1---,1,1---,1,,,,,
peoplefinders.com,TRUE,NOT_FOUND,0,0,0,0,,,,,
gqindia.com,TRUE,json_err,0,0,0,0,0,groups,,,
transamerica.com,TRUE,NOT_FOUND,0,0,0,0,,,,,
animaker.com,TRUE,json_err,0,0,0,0,,,,,
handy.com,TRUE,NOT_FOUND,0,0,0,0,0,0,,,
gillette.com,TRUE,NOT_FOUND,0,0,0,0,0,1,802,538,-32.91770574
sunrun.com,TRUE,NOT_FOUND,0,0,0,0,,,,,
hilti.com,TRUE,NOT_FOUND,0,0,0,0,,,,,
dailyprogress.com,TRUE,NOT_FOUND,1YN-,1,1YY-,1,,,841,847,0.713436385
dewalt.com,TRUE,json_err,0,0,0,0,0,1,731,335,-54.17236662
babypips.com,TRUE,json_err,0,0,0,0,,,,,
weather-doc.com,TRUE,json_err,0,0,0,0,,,,,
newscentermaine.com,TRUE,NOT_FOUND,1YNY,1,1YNY,1,,,,,
edarabia.com,TRUE,NOT_FOUND,0,0,0,0,,,,,
capecodtimes.com,TRUE,NOT_FOUND,1---,1,1---,1,,,,,
alchetron.com,TRUE,NOT_FOUND,0,0,0,0,,,,,
swaven.com,TRUE,json_err,0,0,0,0,,,,,
harrys.com,TRUE,TRUE,0,0,0,0,,,657,664,1.065449011
abt.com,TRUE,NOT_FOUND,0,0,0,0,,,,,
wvmetronews.com,TRUE,NOT_FOUND,0,0,0,0,,,,,
broadridge.com,TRUE,NOT_FOUND,0,0,0,0,0,1,500,110,-78
jpcycles.com,TRUE,NOT_FOUND,0,0,0,0,0,1,966,891,-7.763975155
totaldefense.com,TRUE,json_err,0,0,0,0,0,1,258,248,-3.875968992
izotope.com,TRUE,NOT_FOUND,0,0,0,0,0,1,380,89,-76.57894737
fingerhut.com,TRUE,NOT_FOUND,0,0,0,0,,,,,
outsports.com,TRUE,NOT_FOUND,1YNY,1,1YNY,1,,,,,
wsls.com,TRUE,NOT_FOUND,1YNY,1,1YYY,1,,,742,345,-53.50404313
helenair.com,TRUE,NOT_FOUND,1YN-,1,1YY-,1,,,1062,166,-84.36911488
whas11.com,TRUE,NOT_FOUND,1YNY,1,1YNY,1,0,0,,,
news3lv.com,TRUE,NOT_FOUND,4,4,4,4,,,,,
u2.com,TRUE,NOT_FOUND,0,0,0,0,,,,,
trinet.com,TRUE,NOT_FOUND,0,0,0,0,0,1,1035,745,-28.01932367
athleta.com,TRUE,NOT_FOUND,0,0,0,0,,,,,
gloria-brides.com,TRUE,json_err,0,0,0,0,,,,,
carsdirect.com,TRUE,NOT_FOUND,1---,1,1---,1,,,,,
intheknow.com,TRUE,json_err,1YNN,1,1YNN,1,,,,,
rentals.com,TRUE,NOT_FOUND,0,0,0,0,,,,,
brakeforit.com,TRUE,NOT_FOUND,1---,1,1---,1,,,,,
starnewsonline.com,TRUE,NOT_FOUND,1---,1,1---,1,,,,,
truereligion.com,TRUE,json_err,0,0,0,0,0,1,817,484,-40.75887393
traeger.com,TRUE,NOT_FOUND,1-N-,1,1-Y-,1,,,1012,867,-14.32806324
zenclerk.com,TRUE,json_err,0,0,0,0,,,,,
infinario.com,TRUE,json_err,0,0,0,0,,,,,
kingarthurflour.com,TRUE,NOT_FOUND,1-N-,1,1-Y-,1,,,604,930,53.97350993
internetbrands.com,TRUE,NOT_FOUND,1---,1,1---,1,0,0,,,
mybeautifulbride.net,TRUE,json_err,0,0,0,0,,,,,
qg.com,TRUE,json_err,0,0,0,0,,,,,
paramountnetwork.com,TRUE,NOT_FOUND,1YNN,1,1YYN,1,0,1,802,770,-3.990024938
basecamphq.com,TRUE,NOT_FOUND,0,0,0,0,,,,,
theoaklandpress.com,TRUE,NOT_FOUND,1---,1,1---,1,,,,,
wkrg.com,TRUE,NOT_FOUND,1YNN,1,1YYN,1,,,774,563,-27.26098191
cbs17.com,TRUE,NOT_FOUND,1YNN,1,1YYN,1,,,869,800,-7.940161105
cbs12.com,TRUE,NOT_FOUND,4,4,4,4,,,,,
godtube.com,TRUE,NOT_FOUND,0,0,0,0,,,,,
mailpoet.com,TRUE,NOT_FOUND,0,0,0,0,,,,,
zoetispetcare.com,TRUE,json_err,1YYN,1,1YYN,1,0,1,929,652,-29.81700753
searspartsdirect.com,TRUE,json_err,0,0,0,0,,,,,
article.com,TRUE,NOT_FOUND,0,0,0,0,,,,,
insteon.com,TRUE,NOT_FOUND,1---,1,1---,1,,,,,
euromsg.net,TRUE,NOT_FOUND,0,0,0,0,,,,,
ford-trucks.com,TRUE,NOT_FOUND,1---,1,1---,1,0,0,,,
sbsun.com,TRUE,NOT_FOUND,1---,1,1---,1,,,,,
thevintagenews.com,TRUE,NOT_FOUND,1---,1,1---,1,,,,,
24hourfitness.com,TRUE,json_err,0,0,0,0,0,0,,,
taxact.com,TRUE,NOT_FOUND,0,0,0,0,,,,,
pokemonmasters-game.com,TRUE,json_err,0,0,0,0,,,,,
quizzclub.com,TRUE,NOT_FOUND,0,0,0,0,,,,,
orangetheory.com,TRUE,json_err,0,0,0,0,,,,,
journaltimes.com,TRUE,NOT_FOUND,1YN-,1,1YY-,1,,,963,732,-23.98753894
eventhubs.com,TRUE,json_err,0,0,0,0,,,,,
shoppremiumoutlets.com,TRUE,NOT_FOUND,0,0,0,0,0,1,1100,639,-41.90909091
numberfire.com,TRUE,json_err,0,0,0,0,,,,,
loewshotels.com,TRUE,NOT_FOUND,0,0,0,0,0,1,833,781,-6.242496999
southbendtribune.com,TRUE,NOT_FOUND,1---,1,1---,1,,,,,
aconex.com,TRUE,NOT_FOUND,0,0,0,0,,,,,
onlineathens.com,TRUE,NOT_FOUND,1---,1,1---,1,,,,,
uniformadvantage.com,TRUE,NOT_FOUND,0,0,0,0,,,,,
tuscaloosanews.com,TRUE,NOT_FOUND,1---,1,1---,1,,,,,
proseries.com,TRUE,json_err,0,0,0,0,,,,,
siouxcityjournal.com,TRUE,NOT_FOUND,1YN-,1,1YY-,1,,,1077,932,-13.46332405
nttdataservices.com,TRUE,NOT_FOUND,0,0,0,0,,,,,
pennymac.com,TRUE,NOT_FOUND,0,0,0,0,0,0,,,
ameritas.com,TRUE,json_err,0,0,0,0,0,1,469,368,-21.53518124
deltek.com,TRUE,NOT_FOUND,0,0,0,0,,,,,
arrisi.com,TRUE,json_err,0,0,0,0,,,,,
huggies.com,TRUE,NOT_FOUND,0,0,0,0,0,1,878,772,-12.07289294
hme.com,TRUE,NOT_FOUND,0,0,0,0,,,,,
rydercup.com,TRUE,NOT_FOUND,0,0,0,0,,,,,
wacotrib.com,TRUE,NOT_FOUND,1YN-,1,1YY-,1,,,783,879,12.2605364
kvia.com,TRUE,NOT_FOUND,1---,1,1---,1,,,,,
tyson.com,TRUE,NOT_FOUND,0,0,0,0,,,,,
bendbulletin.com,TRUE,NOT_FOUND,0,0,0,0,,,,,
reviewed.com,TRUE,NOT_FOUND,1---,1,1---,1,,,,,
synerise.com,TRUE,NOT_FOUND,0,0,0,0,,,,,
ipswitch.com,TRUE,NOT_FOUND,0,0,0,0,0,1,811,771,-4.932182491
richemont.com,TRUE,NOT_FOUND,0,0,0,0,,,,,
koat.com,TRUE,NOT_FOUND,0,0,0,0,,,,,
mycentraljersey.com,TRUE,NOT_FOUND,1---,1,1---,1,,,,,
fullscript.com,TRUE,NOT_FOUND,0,0,0,0,,,,,
arhaus.com,TRUE,NOT_FOUND,0,0,0,0,,,,,
bumper.com,TRUE,NOT_FOUND,0,0,0,0,,,,,
frontgatetickets.com,TRUE,NOT_FOUND,0,0,0,0,,,,,
lcsun-news.com,TRUE,NOT_FOUND,1---,1,1---,1,,,,,
searchmetrics.com,TRUE,json_err,0,0,0,0,,,,,
cfo.com,TRUE,NOT_FOUND,1NNN,1,1NNN,1,,,,,
d23.com,TRUE,NOT_FOUND,0,0,0,0,0,1,768,841,9.505208333
jigidi.com,TRUE,NOT_FOUND,1---,1,1---,1,,,,,
crowdtwist.com,TRUE,json_err,0,0,0,0,,,,,
mitsubishicars.com,TRUE,NOT_FOUND,0,0,0,0,,,,,
ontvtonight.com,TRUE,NOT_FOUND,0,0,0,0,,,,,
krdo.com,TRUE,NOT_FOUND,1---,1,1---,1,,,,,
azstarnet.com,TRUE,NOT_FOUND,1YN-,1,1YY-,1,,,1256,707,-43.71019108
commercialobserver.com,TRUE,json_err,1---,1,1---,1,,,,,
quiksilver.com,TRUE,json_err,0,0,0,0,,,,,
hubinternational.com,TRUE,NOT_FOUND,0,0,0,0,,,,,
sportsbrief.com,TRUE,json_err,1NNN,1,1NNN,1,,,,,
wxii12.com,TRUE,NOT_FOUND,0,0,0,0,,,,,
krem.com,TRUE,NOT_FOUND,1YNY,1,1YNY,1,0,0,,,
bbcamerica.com,TRUE,NOT_FOUND,0,0,0,0,,,,,
bankinfosecurity.com,TRUE,NOT_FOUND,0,0,0,0,,,,,
uprinting.com,TRUE,NOT_FOUND,0,0,0,0,,,,,
greatcall.com,TRUE,NOT_FOUND,0,0,0,0,,,,,
dwr.com,TRUE,json_err,0,0,0,0,0,1,706,748,5.949008499
thisisinsider.com,TRUE,NOT_FOUND,1YN-,1,1YY-,1,,,815,598,-26.62576687
selectminds.com,TRUE,json_err,0,0,0,0,,,,,
dealerrater.com,TRUE,json_err,0,0,0,0,,,,,
demandforce.com,TRUE,NOT_FOUND,1YNY,1,1YNY,1,0,0,,,
ingramcontent.com,TRUE,NOT_FOUND,0,0,0,0,0,0,,,
culturess.com,TRUE,NOT_FOUND,1---,1,1---,1,,,,,
courierpostonline.com,TRUE,NOT_FOUND,1---,1,1---,1,,,,,
causes.com,TRUE,NOT_FOUND,0,0,0,0,,,,,
sphero.com,TRUE,NOT_FOUND,1---,1,1---,1,,,,,
boxingscene.com,TRUE,NOT_FOUND,1YNN,1,1YYN,1,0,1,564,544,-3.546099291
jrcigars.com,TRUE,NOT_FOUND,0,0,0,0,0,1,821,803,-2.192448234
topultragame.com,TRUE,json_err,0,0,0,0,,,,,
13wmaz.com,TRUE,NOT_FOUND,1YNY,1,1YNY,1,,,,,
assurancewireless.com,TRUE,NOT_FOUND,0,0,0,0,0,1,603,223,-63.01824212
fayobserver.com,TRUE,NOT_FOUND,1---,1,1---,1,,,,,
equinox.com,TRUE,NOT_FOUND,0,0,0,0,0,1,686,742,8.163265306
ondemandkorea.com,TRUE,NOT_FOUND,0,0,0,0,0,0,,,
kenect.com,TRUE,NOT_FOUND,0,0,0,0,,,,,
vons.com,TRUE,NOT_FOUND,0,0,0,0,,,,,
delmarlearning.com,TRUE,json_err,0,0,0,0,,,,,
realgeeks.com,TRUE,NOT_FOUND,0,0,0,0,0,1,826,674,-18.40193705
13wham.com,TRUE,NOT_FOUND,4,4,4,4,,,,,
masteryconnect.com,TRUE,NOT_FOUND,0,0,0,0,,,,,
fun.com,TRUE,NOT_FOUND,0,0,0,0,,,,,
wlos.com,TRUE,NOT_FOUND,4,4,4,4,,,,,
onekingslane.com,TRUE,NOT_FOUND,0,0,0,0,,,,,
metalinjection.net,TRUE,NOT_FOUND,1---,1,1---,1,,,,,
nbatopshot.com,TRUE,NOT_FOUND,0,0,0,0,,,,,
heymarket.com,TRUE,NOT_FOUND,0,0,0,0,,,,,
abc6onyourside.com,TRUE,NOT_FOUND,4,4,4,4,,,,,
wset.com,TRUE,NOT_FOUND,4,4,4,4,,,,,
clifbar.com,TRUE,NOT_FOUND,0,0,0,0,0,1,842,739,-12.2327791
racingjunk.com,TRUE,NOT_FOUND,1---,1,1---,1,0,0,,,
quantum.com,TRUE,NOT_FOUND,1---,1,1---,1,,,,,
waymo.com,TRUE,NOT_FOUND,0,0,0,0,,,,,
myhomeapps.com,TRUE,json_err,0,0,0,0,,,,,
factinate.com,TRUE,NOT_FOUND,1---,1,1---,1,,,,,
freshome.com,TRUE,json_err,1YYY,1,1YYY,1,,,397,1022,157.4307305
looperman.com,TRUE,NOT_FOUND,0,0,0,0,,,,,
sweetgreen.com,TRUE,NOT_FOUND,0,0,0,0,,,,,
gcn.com,TRUE,json_err,1---,1,1---,1,,,,,
supplychaindive.com,TRUE,NOT_FOUND,1NNN,1,1NNN,1,,,,,
ydr.com,TRUE,NOT_FOUND,1---,1,1---,1,,,,,
oprahmag.com,TRUE,NOT_FOUND,1YNN,1,1YYN,1,,,808,755,-6.559405941
midomi.com,TRUE,NOT_FOUND,0,0,0,0,,,,,
asbestos.com,TRUE,NOT_FOUND,0,0,0,0,,,,,
surf-forecast.com,TRUE,NOT_FOUND,1---,1,1---,1,,,,,
visioncritical.com,TRUE,NOT_FOUND,0,0,0,0,,,,,
scotts.com,TRUE,json_err,0,0,0,0,,,,,
pressenterprise.com,TRUE,NOT_FOUND,1---,1,1---,1,,,,,
snapdocs.com,TRUE,NOT_FOUND,0,0,0,0,,,,,
wfmynews2.com,TRUE,NOT_FOUND,1YNY,1,1YNY,1,,,,,
ecovacs.com,TRUE,NOT_FOUND,0,0,0,0,,,,,
avanade.com,TRUE,NOT_FOUND,0,0,0,0,0,1,291,357,22.68041237
sacurrent.com,TRUE,NOT_FOUND,1YNN,1,1YNN,1,,,,,
disneyadvertising.com,TRUE,NOT_FOUND,4,4,4,4,,,,,
pac-12.com,TRUE,NOT_FOUND,0,0,0,0,,,,,
recordonline.com,TRUE,NOT_FOUND,1---,1,1---,1,,,,,
realtruck.com,TRUE,NOT_FOUND,0,0,0,0,,,,,
invitedclubs.com,TRUE,NOT_FOUND,0,0,0,0,,,,,
shiseido.com,TRUE,json_err,0,0,0,0,,,,,
fox11online.com,TRUE,NOT_FOUND,4,4,4,4,,,,,
blackstone.com,TRUE,NOT_FOUND,0,0,0,0,,,,,
localconditions.com,TRUE,json_err,0,0,0,0,,,,,
cbs58.com,TRUE,NOT_FOUND,1---,1,1---,1,,,,,
openx.com,TRUE,NOT_FOUND,0,0,0,0,,,,,
pricegrabber.com,TRUE,NOT_FOUND,0,0,0,0,,,,,
getsentry.com,TRUE,json_err,0,0,0,0,,,,,
elementvape.com,TRUE,NOT_FOUND,0,0,0,0,,,,,
frontofficesports.com,TRUE,json_err,0,0,0,0,,,,,
leatherman.com,TRUE,NOT_FOUND,0,0,0,0,,,,,
playfirst.com,TRUE,NOT_FOUND,0,0,0,0,,,,,
vuoriclothing.com,TRUE,NOT_FOUND,0,0,0,0,0,1,728,976,34.06593407
fox17.com,TRUE,NOT_FOUND,4,4,4,4,,,,,
lubbockonline.com,TRUE,NOT_FOUND,1---,1,1---,1,,,,,
hiexpress.com,TRUE,NOT_FOUND,0,0,0,0,,,,,
salemwebnetwork.com,TRUE,NOT_FOUND,0,0,0,0,,,,,
anheuser-busch.com,TRUE,json_err,0,0,0,0,0,1,697,831,19.22525108
poststar.com,TRUE,NOT_FOUND,1YN-,1,1YY-,1,,,871,748,-14.1216992
fooddive.com,TRUE,NOT_FOUND,1NNN,1,1NNN,1,,,,,
sapjam.com,TRUE,json_err,0,0,0,0,,,,,
rennlist.com,TRUE,NOT_FOUND,1---,1,1---,1,,0,,,
swoop.com,TRUE,NOT_FOUND,0,0,0,0,,,,,
wayofleaf.com,TRUE,NOT_FOUND,0,0,0,0,,,,,
blackfriday.com,TRUE,NOT_FOUND,1YNY,1,1YNY,1,,,,,
sayweee.com,TRUE,NOT_FOUND,0,0,0,0,,0,,,
wyndhamdestinations.com,TRUE,json_err,0,0,0,0,0,1,575,434,-24.52173913
premierinc.com,TRUE,json_err,0,0,0,0,0,1,789,804,1.901140684
onemedical.com,TRUE,TRUE,4,4,4,4,,,821,241,-70.6455542
motorpasion.com,TRUE,NOT_FOUND,0,0,0,0,,,,,
jiffyshirts.com,TRUE,NOT_FOUND,1NN-,1,1NN-,1,,,,,
fox43.com,TRUE,NOT_FOUND,1YNY,1,1YNY,1,0,0,,,
healthsherpa.com,TRUE,NOT_FOUND,1-N-,1,1-Y-,1,,,1027,824,-19.76630964
healthygem.com,TRUE,NOT_FOUND,1---,1,1---,1,,,,,
triviatoday.com,TRUE,NOT_FOUND,0,0,0,0,,,,,
capitaliq.com,TRUE,NOT_FOUND,0,0,0,0,,,,,
ksn.com,TRUE,NOT_FOUND,1YNN,1,1YYN,1,,,728,749,2.884615385
poughkeepsiejournal.com,TRUE,NOT_FOUND,1---,1,1---,1,,,,,
innerbody.com,TRUE,NOT_FOUND,0,0,0,0,,,,,
westgateresorts.com,TRUE,NOT_FOUND,0,0,0,0,,,,,
kenoshanews.com,TRUE,NOT_FOUND,1YN-,1,1YY-,1,,,792,709,-10.47979798
agingcare.com,TRUE,NOT_FOUND,0,0,0,0,,,,,
tyla.com,TRUE,NOT_FOUND,1---,1,1---,1,,,,,
nuts.com,TRUE,NOT_FOUND,0,0,0,0,,,,,
constructiondive.com,TRUE,NOT_FOUND,1NNN,1,1NNN,1,,,,,
bmwblog.com,TRUE,NOT_FOUND,1---,1,1---,1,,,,,
hybris.com,TRUE,json_err,0,0,0,0,,,,,
journera.com,TRUE,NOT_FOUND,0,0,0,0,,,,,
ladypopular.com,TRUE,NOT_FOUND,0,0,0,0,,,,,
postie.com,TRUE,NOT_FOUND,0,0,0,0,,,,,
southcoasttoday.com,TRUE,NOT_FOUND,1---,1,1---,1,,,,,
wmtw.com,TRUE,NOT_FOUND,0,0,0,0,,,,,
egym.com,TRUE,NOT_FOUND,1---,1,1---,1,,,,,
relayhealth.com,TRUE,json_err,0,0,0,0,,,,,
wwmt.com,TRUE,NOT_FOUND,4,4,4,4,,,,,
wspa.com,TRUE,NOT_FOUND,1YNN,1,4,4,,,,,
twdcns.net,TRUE,json_err,1YNY,1,1YYY,1,,,1049,708,-32.50714967
visible.com,TRUE,json_err,0,0,0,0,,,,,
localsyr.com,TRUE,json_err,1YNN,1,1YYN,1,,,842,798,-5.225653207
theadvertiser.com,TRUE,NOT_FOUND,1---,1,1---,1,,,,,
eagletribune.com,TRUE,NOT_FOUND,1---,1,1---,1,,,,,
nutrisystem.com,TRUE,json_err,0,0,0,0,,,,,
internetnews.com,TRUE,NOT_FOUND,1---,1,1---,1,,,,,
universalmusic.com,TRUE,NOT_FOUND,0,0,0,0,,,,,
ecoatm.com,TRUE,NOT_FOUND,0,0,0,0,0,0,,,
jbhunt.com,TRUE,NOT_FOUND,0,0,0,0,0,1,848,214,-74.76415094
ga.com,TRUE,json_err,0,0,undefined,undefined,,,,,
crowneplaza.com,TRUE,NOT_FOUND,0,0,0,0,,,,,
sweepstakesalerts.com,TRUE,NOT_FOUND,0,0,0,0,,,,,
cambiumlearning.com,TRUE,NOT_FOUND,0,0,0,0,,,,,
newengland.com,TRUE,NOT_FOUND,0,0,0,0,,,,,
teencounseling.com,TRUE,NOT_FOUND,0,0,0,0,,,,,
techworld.com,TRUE,json_err,1---,1,1---,1,,,,,
stackpath.com,TRUE,NOT_FOUND,1---,1,1---,1,,,,,
columbiatribune.com,TRUE,NOT_FOUND,1---,1,1---,1,,,,,
dailybulletin.com,TRUE,NOT_FOUND,1---,1,1---,1,,,,,
kensington.com,TRUE,NOT_FOUND,0,0,0,0,0,1,1034,899,-13.05609284
coldstonecreamery.com,TRUE,NOT_FOUND,1---,1,0,0,,,,,
billabong.com,TRUE,json_err,0,0,0,0,,,,,
sperry.com,TRUE,json_err,0,0,0,0,0,1,697,1025,47.05882353
healtheintent.com,TRUE,json_err,0,0,0,0,,,,,
caller.com,TRUE,NOT_FOUND,1---,1,1---,1,,,,,
dontpayfull.com,TRUE,json_err,0,0,0,0,,,,,
rakutenadvertising.com,TRUE,json_err,0,0,0,0,,,,,
sheplers.com,TRUE,json_err,0,0,0,0,,,,,
qconline.com,TRUE,NOT_FOUND,1YN-,1,1YY-,1,,,813,941,15.74415744
wgnradio.com,TRUE,NOT_FOUND,1YNN,1,4,4,0,1,777,835,7.464607465
bleedinggreennation.com,TRUE,NOT_FOUND,1YNY,1,1YNY,1,,,,,
neutrogena.com,TRUE,NOT_FOUND,0,0,0,0,0,1,973,897,-7.810894142
warhistoryonline.com,TRUE,NOT_FOUND,1---,1,1---,1,,,,,
allsides.com,TRUE,NOT_FOUND,1---,1,1---,1,,,,,
bananarepublicfactory.com,TRUE,NOT_FOUND,0,0,0,0,,,,,
dentrixascend.com,TRUE,NOT_FOUND,1---,1,1---,1,0,0,,,
cookingchanneltv.com,TRUE,NOT_FOUND,1---,1,1---,1,0,0,,,
apkonline.net,TRUE,json_err,0,0,0,0,,,,,
gamedaynews.com,TRUE,NOT_FOUND,1---,1,1---,1,,,,,
transactcampus.com,TRUE,NOT_FOUND,0,0,0,0,,,,,
closerweekly.com,TRUE,NOT_FOUND,1---,1,1---,1,,,,,
teletech.com,TRUE,NOT_FOUND,0,0,0,0,,,,,
jamesavery.com,TRUE,NOT_FOUND,0,0,0,0,,,,,
harryanddavid.com,TRUE,NOT_FOUND,0,0,0,0,,,,,
hiddenremote.com,TRUE,NOT_FOUND,1---,1,1---,1,,,,,
siliconvalley.com,TRUE,NOT_FOUND,1---,1,1---,1,,,,,
nissannews.com,TRUE,json_err,0,0,0,0,,,,,
alida.com,TRUE,NOT_FOUND,0,0,0,0,,,,,
trk-apeirian.com,TRUE,NOT_FOUND,0,0,0,0,,,,,
segway.com,TRUE,NOT_FOUND,0,0,0,0,,,,,
faithfulcounseling.com,TRUE,NOT_FOUND,0,0,0,0,,,,,
olay.com,TRUE,NOT_FOUND,0,0,0,0,0,1,1000,536,-46.4
appoptics.com,TRUE,json_err,0,0,0,0,,,,,
themeateater.com,TRUE,NOT_FOUND,0,0,0,0,,,,,
platts.com,TRUE,json_err,0,0,0,0,,,,,
snow-forecast.com,TRUE,NOT_FOUND,1---,1,1---,1,,,,,
wisden.com,TRUE,NOT_FOUND,1---,1,1---,1,,,,,
nation.com,TRUE,NOT_FOUND,0,0,0,0,,,,,
arrowheadpride.com,TRUE,NOT_FOUND,1YNY,1,1YNY,1,,,,,
fcw.com,TRUE,json_err,1YNY,1,1YNY,1,,,,,
truevalue.com,TRUE,NOT_FOUND,0,0,0,0,,,,,
lowellsun.com,TRUE,NOT_FOUND,1---,1,1---,1,,,,,
javaworld.com,TRUE,NOT_FOUND,1---,1,1---,1,,,,,
prideofdetroit.com,TRUE,NOT_FOUND,1YNY,1,1YNY,1,,,,,
avanquest.com,TRUE,json_err,0,0,0,0,0,1,358,476,32.96089385
kith.com,TRUE,NOT_FOUND,0,0,0,0,,,,,
drugwatch.com,TRUE,NOT_FOUND,0,0,0,0,,,,,
kxly.com,TRUE,NOT_FOUND,1---,1,1---,1,,,,,
davidyurman.com,TRUE,NOT_FOUND,0,0,0,0,,,,,
eventful.com,TRUE,json_err,0,0,0,0,,,,,
funker530.com,TRUE,json_err,0,0,0,0,,,,,
deledao.com,TRUE,NOT_FOUND,0,0,0,0,,,,,
pngaming.com,TRUE,NOT_FOUND,0,0,0,0,,,,,
courierpress.com,TRUE,NOT_FOUND,1---,1,1---,1,,,,,
onechicagocenter.com,TRUE,NOT_FOUND,1---,1,1---,1,,,,,
foodbusinessnews.net,TRUE,NOT_FOUND,0,0,0,0,0,0,,,
marinsoftware.com,TRUE,NOT_FOUND,0,0,0,0,,,,,
jackpotmasterslots.com,TRUE,json_err,0,0,0,0,,,,,
bloggingtheboys.com,TRUE,NOT_FOUND,1YNY,1,1YNY,1,,,,,
vineyardvines.com,TRUE,json_err,0,0,0,0,,,,,
netscout.com,TRUE,NOT_FOUND,0,0,0,0,,,,,
fox61.com,TRUE,NOT_FOUND,1YNY,1,1YNY,1,0,0,,,
havenlife.com,TRUE,json_err,0,0,0,0,,,,,
wgme.com,TRUE,NOT_FOUND,4,4,4,4,,,,,
pennfoster.com,TRUE,json_err,0,0,0,0,,,,,
ookla.com,TRUE,NOT_FOUND,1YNY,1,1YNY,1,,,,,
conocophillips.com,TRUE,NOT_FOUND,0,0,0,0,0,1,602,726,20.59800664
endicia.com,TRUE,json_err,0,0,0,0,,,,,
womansworld.com,TRUE,NOT_FOUND,1---,1,1---,1,,,,,
sweat.com,TRUE,NOT_FOUND,0,0,0,0,0,1,873,675,-22.68041237
relatedsearches.net,TRUE,NOT_FOUND,0,0,0,0,,,,,
greatfallstribune.com,TRUE,NOT_FOUND,1---,1,1---,1,,,,,
ksby.com,TRUE,NOT_FOUND,0,0,0,0,,,,,
ultainc.com,TRUE,json_err,0,0,0,0,,,,,
lesliespool.com,TRUE,NOT_FOUND,0,0,0,0,0,1,1108,1055,-4.783393502
americanfreight.com,TRUE,NOT_FOUND,0,0,0,0,0,1,913,881,-3.504928806
news4sanantonio.com,TRUE,NOT_FOUND,4,4,4,4,,,,,
montereyherald.com,TRUE,NOT_FOUND,1---,1,1---,1,,,,,
youniqueproducts.com,TRUE,NOT_FOUND,1-N-,1,1-N-,1,,,,,
moneylion.com,TRUE,NOT_FOUND,0,0,0,0,,,,,
sitefinity.com,TRUE,json_err,0,0,0,0,,,,,
estately.com,TRUE,NOT_FOUND,0,0,0,0,,,,,
pasadenastarnews.com,TRUE,NOT_FOUND,1---,1,1---,1,,,,,
bobsredmill.com,TRUE,NOT_FOUND,0,0,0,0,,,,,
wpbf.com,TRUE,NOT_FOUND,0,0,0,0,,,,,
elanco.com,TRUE,NOT_FOUND,0,0,0,0,,,,,
kark.com,TRUE,NOT_FOUND,1YNN,1,1YYN,1,,,921,851,-7.600434311
netcredit.com,TRUE,NOT_FOUND,1-N-,1,1-Y-,1,,,193,482,149.7409326
smartcitiesdive.com,TRUE,NOT_FOUND,1NNN,1,1NNN,1,,,,,
abc3340.com,TRUE,NOT_FOUND,4,4,4,4,,,,,
auburnpub.com,TRUE,NOT_FOUND,1YN-,1,1YY-,1,,,894,936,4.697986577
componentsearchengine.com,TRUE,json_err,0,0,0,0,,,,,
darkhorizons.com,TRUE,NOT_FOUND,1---,1,1---,1,,,,,
shi.com,TRUE,json_err,0,0,0,0,0,1,773,739,-4.398447607
bradfordexchange.com,TRUE,NOT_FOUND,0,0,0,0,,,,,
rsmus.com,TRUE,NOT_FOUND,0,0,0,0,0,0,,,
prana.com,TRUE,NOT_FOUND,0,0,0,0,0,1,693,809,16.73881674
blair.com,TRUE,NOT_FOUND,0,0,0,0,,,,,
nexxtwifi.com,TRUE,json_err,0,0,0,0,,,,,
hippo.com,TRUE,NOT_FOUND,0,0,0,0,0,1,1264,831,-34.25632911
serenaandlily.com,TRUE,NOT_FOUND,0,0,0,0,,,,,
meundies.com,TRUE,NOT_FOUND,0,0,0,0,0,0,,,
photoaffections.com,TRUE,NOT_FOUND,0,0,0,0,0,0,,,
baskinrobbins.com,TRUE,json_err,0,0,0,0,,,,,
netpulse.com,TRUE,json_err,1---,1,1---,1,,,,,
everquote.com,TRUE,NOT_FOUND,0,0,0,0,,,,,
druryhotels.com,TRUE,NOT_FOUND,0,0,0,0,0,1,75,625,733.3333333
madonna.com,TRUE,NOT_FOUND,0,0,0,0,,,,,
shreveporttimes.com,TRUE,NOT_FOUND,1---,1,1---,1,,,,,
healthcaredive.com,TRUE,NOT_FOUND,1NNN,1,1NNN,1,,,,,
kesq.com,TRUE,NOT_FOUND,1---,1,1---,1,,,,,
tandemdiabetes.com,TRUE,NOT_FOUND,0,0,0,0,0,1,383,821,114.3603133
greenchef.com,TRUE,NOT_FOUND,1-N-,1,1-Y-,1,,,962,633,-34.1995842
wcfcourier.com,TRUE,NOT_FOUND,1YN-,1,1YY-,1,,,913,839,-8.105147864
theundefeated.com,TRUE,NOT_FOUND,1YNY,1,1YYY,1,,,1105,758,-31.40271493
tide-forecast.com,TRUE,NOT_FOUND,1---,1,1---,1,,,,,
wjhl.com,TRUE,NOT_FOUND,1YNN,1,1YYN,1,,,799,887,11.01376721
kajabimail.net,TRUE,json_err,0,0,0,0,,,,,
accountsupport.com,TRUE,json_err,0,0,0,0,0,1,641,652,1.716068643
travelawaits.com,TRUE,NOT_FOUND,0,0,0,0,,,,,
kyocera.com,TRUE,NOT_FOUND,0,0,0,0,,,,,
sanrio.com,TRUE,TRUE,0,0,0,0,,,1004,642,-36.05577689
kerbalspaceprogram.com,TRUE,NOT_FOUND,0,0,0,0,0,1,718,737,2.646239554
lifestylelatino.com,TRUE,NOT_FOUND,1---,1,1---,1,,,,,
wpde.com,TRUE,NOT_FOUND,4,4,4,4,,,,,
howrse.com,TRUE,json_err,0,0,0,0,,,,,
patriotledger.com,TRUE,NOT_FOUND,1---,1,1---,1,,,,,
govplanet.com,TRUE,NOT_FOUND,0,0,0,0,,,,,
collegefactual.com,TRUE,NOT_FOUND,1---,1,1---,1,,,,,
telltale.com,TRUE,json_err,0,0,0,0,,,,,
chroniclebooks.com,TRUE,TRUE,0,0,0,0,,,1547,758,-51.00193924
head.com,TRUE,NOT_FOUND,1---,1,1---,1,,,,,
bridesblush.com,TRUE,NOT_FOUND,1---,1,1---,1,,,,,
sensicomfort.com,TRUE,NOT_FOUND,0,0,0,0,,,,,
midserved.com,TRUE,json_err,0,0,0,0,,,,,
perficient.com,TRUE,NOT_FOUND,4,4,4,4,0,1,774,700,-9.560723514
quizscape.com,TRUE,NOT_FOUND,1---,1,1---,1,,,,,
azdailysun.com,TRUE,NOT_FOUND,1YN-,1,1YY-,1,,,1101,838,-23.88737511
raisingcanes.com,TRUE,json_err,0,0,0,0,,,,,
tile.com,TRUE,NOT_FOUND,0,0,0,0,0,1,322,371,15.2173913
bluera.com,TRUE,NOT_FOUND,0,0,0,0,,,,,
foundationmedicine.com,TRUE,NOT_FOUND,1---,1,1---,1,0,0,,,
aerogarden.com,TRUE,NOT_FOUND,0,0,0,0,,,,,
ruggable.com,TRUE,NOT_FOUND,0,0,0,0,,,,,
officer.com,TRUE,NOT_FOUND,0,0,0,0,0,0,,,
herald-review.com,TRUE,NOT_FOUND,1YN-,1,1YY-,1,,,1015,856,-15.66502463
keyt.com,TRUE,NOT_FOUND,1---,1,1---,1,,,,,
giveitlove.com,TRUE,NOT_FOUND,1---,1,1---,1,,,,,
wtol.com,TRUE,NOT_FOUND,1YNY,1,1YNY,1,,,,,
brucespringsteen.net,TRUE,NOT_FOUND,0,0,0,0,0,1,593,634,6.913996627
andersenwindows.com,TRUE,NOT_FOUND,0,0,0,0,,,,,
pirateship.com,TRUE,NOT_FOUND,0,0,0,0,,,,,
virtuoso.com,TRUE,NOT_FOUND,0,0,0,0,,,,,
wdtn.com,TRUE,NOT_FOUND,1---,1,1---,1,,,,,
naturallife.com,TRUE,TRUE,0,0,0,0,,,932,938,0.643776824
abcnews4.com,TRUE,NOT_FOUND,4,4,4,4,,,,,
bigblueview.com,TRUE,NOT_FOUND,1YNY,1,1YNY,1,,,,,
avigilon.com,TRUE,NOT_FOUND,0,0,0,0,,,,,
metropolismag.com,TRUE,NOT_FOUND,0,0,0,0,0,0,,,
peoplelooker.com,TRUE,NOT_FOUND,0,0,0,0,,,,,
codeguru.com,TRUE,NOT_FOUND,0,0,0,0,,,,,
markit.com,TRUE,NOT_FOUND,0,0,0,0,,,,,
alllaw.com,TRUE,json_err,0,0,0,0,0,0,,,
videojet.com,TRUE,NOT_FOUND,0,0,0,0,,,,,
sgvtribune.com,TRUE,NOT_FOUND,1---,1,1---,1,,,,,
oneplace.com,TRUE,NOT_FOUND,0,0,0,0,,,,,
stacksocial.com,TRUE,NOT_FOUND,0,0,0,0,,,,,
spy.com,TRUE,NOT_FOUND,1---,1,1---,1,0,1,705,544,-22.83687943
the-gadgeteer.com,TRUE,json_err,0,0,0,0,,,,,
gomotive.com,TRUE,NOT_FOUND,0,0,0,0,,,,,
meliopayments.com,TRUE,TRUE,0,0,undefined,undefined,,,1115,751,-32.64573991
synacor.com,TRUE,NOT_FOUND,0,0,0,0,,,,,
dollywood.com,TRUE,NOT_FOUND,1YNY,1,1YNY,1,,,,,
cappex.com,TRUE,NOT_FOUND,0,0,0,0,,,,,
trk-aspernatur.com,TRUE,NOT_FOUND,0,0,0,0,,,,,
everydaywinner.com,TRUE,NOT_FOUND,0,0,0,0,,,,,
kimberly-clark.com,TRUE,NOT_FOUND,0,0,0,0,0,0,,,
oviahealth.com,TRUE,NOT_FOUND,0,0,0,0,0,1,363,243,-33.05785124
kitsapsun.com,TRUE,NOT_FOUND,1---,1,1---,1,,,,,
tihealth.com,TRUE,json_err,0,0,0,0,,,,,
darden.com,TRUE,NOT_FOUND,0,0,0,0,0,1,625,577,-7.68
koalaonmattress.com,TRUE,json_err,0,0,0,0,,,,,
cashnetusa.com,TRUE,NOT_FOUND,1-N-,1,1-Y-,1,,,896,742,-17.1875
honest.com,TRUE,json_err,0,0,0,0,0,1,763,846,10.87811271
dekudeals.com,TRUE,NOT_FOUND,0,0,0,0,,,,,
longandfoster.com,TRUE,NOT_FOUND,0,0,0,0,0,0,,,
wyndham.com,TRUE,json_err,0,0,0,0,,,,,
delcotimes.com,TRUE,NOT_FOUND,1---,1,1---,1,,,,,
leapfrog.com,TRUE,NOT_FOUND,0,0,0,0,,,,,
gwinnettdailypost.com,TRUE,NOT_FOUND,0,0,0,0,,,,,
dexknows.com,TRUE,NOT_FOUND,0,0,0,0,,,,,
nwfdailynews.com,TRUE,NOT_FOUND,1---,1,1---,1,,,,,
wqad.com,TRUE,NOT_FOUND,1YNY,1,1YNY,1,0,0,,,
news-herald.com,TRUE,NOT_FOUND,1---,1,1---,1,,,,,
huntingnet.com,TRUE,json_err,1---,1,1---,1,0,0,,,
counton2.com,TRUE,NOT_FOUND,1YNN,1,1YYN,1,,,767,934,21.77314211
theeagle.com,TRUE,NOT_FOUND,1YN-,1,1YY-,1,,,812,638,-21.42857143
ticketnetwork.com,TRUE,NOT_FOUND,0,0,0,0,,,,,
rochesterfirst.com,TRUE,NOT_FOUND,1YNN,1,1YYN,1,,,918,796,-13.28976035
freeform.com,TRUE,NOT_FOUND,1YNY,1,1YYY,1,0,1,682,713,4.545454545
nyra.com,TRUE,NOT_FOUND,0,0,0,0,,,,,
armstrongceilings.com,TRUE,NOT_FOUND,0,0,0,0,,,,,
uspharmacist.com,TRUE,NOT_FOUND,0,0,0,0,,,,,
cinemanow.com,TRUE,NOT_FOUND,0,0,0,0,,,,,
simplemost.com,TRUE,NOT_FOUND,0,0,0,0,,,,,
bamsmackpow.com,TRUE,NOT_FOUND,1---,1,1---,1,,,,,
kfoxtv.com,TRUE,NOT_FOUND,4,4,4,4,,,,,
rrstar.com,TRUE,NOT_FOUND,1---,1,1---,1,,,,,
finegardening.com,TRUE,NOT_FOUND,0,0,0,0,,,,,
mymonat.com,TRUE,NOT_FOUND,0,0,0,0,,,,,
rollingout.com,TRUE,NOT_FOUND,0,0,0,0,,,,,
gem.com,TRUE,json_err,0,0,0,0,0,1,961,864,-10.09365245
horseracingnation.com,TRUE,json_err,0,0,0,0,,,,,
purehockey.com,TRUE,NOT_FOUND,0,0,0,0,,,,,
greeleytribune.com,TRUE,NOT_FOUND,1---,1,1---,1,,,,,
rightsignature.com,TRUE,json_err,0,0,0,0,,,,,
havenly.com,TRUE,NOT_FOUND,0,0,0,0,,,,,
nwahomepage.com,TRUE,NOT_FOUND,1YNN,1,1YYN,1,0,1,781,776,-0.640204866
telltalegames.com,TRUE,json_err,0,0,0,0,,,,,
gfuel.com,TRUE,NOT_FOUND,0,0,0,0,,,,,
domyown.com,TRUE,NOT_FOUND,0,0,0,0,,,,,
campspot.com,TRUE,json_err,0,0,0,0,,,,,
rocketmoney.com,TRUE,NOT_FOUND,0,0,0,0,,,,,
metrowestdailynews.com,TRUE,NOT_FOUND,1---,1,1---,1,,,,,
citybeat.com,TRUE,NOT_FOUND,1YNN,1,1YNN,1,,,,,
wheresthematch.com,TRUE,NOT_FOUND,1---,1,0,0,,,,,
bavarianfootballworks.com,TRUE,NOT_FOUND,1YNY,1,1YNY,1,,,,,
wolverine.com,TRUE,NOT_FOUND,0,0,0,0,0,1,681,648,-4.845814978
ticketsmarter.com,TRUE,NOT_FOUND,0,0,0,0,,,,,
weartv.com,TRUE,NOT_FOUND,4,4,4,4,,,,,
foxmovies.com,TRUE,json_err,1YNY,1,1YYY,1,,,331,730,120.5438066
cbsaustin.com,TRUE,NOT_FOUND,4,4,4,4,,,,,
wearpact.com,TRUE,json_err,1-N-,1,1-N-,1,,,,,
foxbaltimore.com,TRUE,NOT_FOUND,4,4,4,4,,,,,
crowdsignal.com,TRUE,NOT_FOUND,1---,1,1YYN,1,,,1844,1626,-11.82212581
belden.com,TRUE,NOT_FOUND,0,0,0,0,0,0,,,
finehomebuilding.com,TRUE,NOT_FOUND,0,0,0,0,,,,,
outrigger.com,TRUE,NOT_FOUND,0,0,0,0,0,0,,,
mynews13.com,TRUE,NOT_FOUND,0,0,0,0,,,,,
nearmap.com,TRUE,NOT_FOUND,0,0,0,0,,,,,
daybreakgames.com,TRUE,NOT_FOUND,0,0,0,0,,,,,
interiordesign.net,TRUE,NOT_FOUND,0,0,0,0,0,0,,,
wnct.com,TRUE,NOT_FOUND,1YNN,1,1YYN,1,,,770,882,14.54545455
worx.com,TRUE,NOT_FOUND,0,0,0,0,0,1,79,974,1132.911392
postcrescent.com,TRUE,NOT_FOUND,1---,1,1---,1,,,,,
securitymetrics.com,TRUE,NOT_FOUND,0,0,0,0,,,,,
jconline.com,TRUE,NOT_FOUND,1---,1,1---,1,,,,,
ocala.com,TRUE,NOT_FOUND,1---,1,1---,1,,,,,
janieandjack.com,TRUE,json_err,0,0,0,0,,,,,
2news.com,TRUE,NOT_FOUND,0,0,0,0,,,,,
police1.com,TRUE,NOT_FOUND,1YN-,1,1YN-,1,,,,,
thefashionball.com,TRUE,NOT_FOUND,1---,1,1---,1,,,,,
lytx.com,TRUE,NOT_FOUND,0,0,0,0,0,1,760,862,13.42105263
beautylish.com,TRUE,NOT_FOUND,0,0,0,0,,,,,
wsav.com,TRUE,NOT_FOUND,4,4,1YYN,1, , ,702,763,8.689458689
rv.com,TRUE,NOT_FOUND,0,0,0,0,,,,,
gymboree.com,TRUE,NOT_FOUND,0,0,0,0,,,,,
shopzilla.com,TRUE,NOT_FOUND,0,0,0,0,,,,,
sycle.net,TRUE,NOT_FOUND,0,0,0,0,,,,,
noodles.com,TRUE,NOT_FOUND,0,0,0,0,,,,,
carlsjr.com,TRUE,NOT_FOUND,0,0,0,0,0,1,733,881,20.19099591
thetandd.com,TRUE,NOT_FOUND,1YN-,1,1YY-,1,,,837,893,6.690561529
